date,p_risk_off,w_beta_suggested,exposure_suggested,ret_21d,ret_63d,mom_252d,vol_63d,dd_126d
2020-01-01,1.0000000000,0.3500000000,0.0000000000,-0.0646350013,-0.0079853423,-0.0681772491,0.0124226822,-0.1386120539
2020-01-02,1.0000000000,0.3500000000,0.0000000000,-0.0421664805,-0.0241910880,-0.0453595103,0.0120724642,-0.1322832782
2020-01-03,1.0000000000,0.3500000000,0.0000000000,-0.0573003469,-0.0335329309,-0.0671134878,0.0121168669,-0.1397969326
2020-01-06,1.0000000000,0.3500000000,0.0000000000,-0.0704536821,-0.0464521193,-0.0874203981,0.0123607302,-0.1579976125
2020-01-07,1.0000000000,0.3500000000,0.0000000000,-0.0832428926,-0.0674594308,-0.0945757844,0.0125645360,-0.1740213467
2020-01-08,1.0000000000,0.3500000000,0.0000000000,-0.0761500553,-0.0656628078,-0.0990471030,0.0125673275,-0.1731317517
2020-01-09,1.0000000000,0.3500000000,0.0000000000,-0.0635681895,-0.0602616444,-0.0983931402,0.0125798082,-0.1701412421
2020-01-10,1.0000000000,0.3500000000,0.0000000000,-0.0742638306,-0.0772516572,-0.1017054825,0.0125841966,-0.1787317736
2020-01-13,1.0000000000,0.3500000000,0.0000000000,-0.0577828279,-0.0785558957,-0.0955823776,0.0125657371,-0.1720276711
2020-01-14,1.0000000000,0.3500000000,0.0000000000,-0.0795454181,-0.0911357377,-0.1094904145,0.0127614890,-0.1881219966
2020-01-15,1.0000000000,0.3500000000,0.0000000000,-0.0797204147,-0.0855404765,-0.1114060429,0.0127462947,-0.1883598424
2020-01-16,1.0000000000,0.3500000000,0.0000000000,-0.0904807823,-0.0958401418,-0.1312123711,0.0128452353,-0.1997489349
2020-01-17,1.0000000000,0.3500000000,0.0000000000,-0.0876604069,-0.0774377240,-0.1540960301,0.0124445907,-0.2056083998
2020-01-20,1.0000000000,0.3500000000,0.0000000000,-0.0807827839,-0.0598272951,-0.1408600302,0.0122670581,-0.2047593668
2020-01-21,1.0000000000,0.3500000000,0.0000000000,-0.0984372293,-0.0845380424,-0.1709366164,0.0121023362,-0.2125725745
2020-01-22,0.9999999920,0.3500000000,0.0000000080,-0.1079549702,-0.1063911598,-0.1549757086,0.0117871272,-0.2158125757
2020-01-23,1.0000000000,0.3500000000,0.0000000000,-0.0864775834,-0.0928963032,-0.1432169228,0.0119232069,-0.2059510160
2020-01-24,1.0000000000,0.3500000000,0.0000000000,-0.0938780132,-0.1053594158,-0.1551070130,0.0118841124,-0.2110509564
2020-01-27,1.0000000000,0.3500000000,0.0000000000,-0.0929699675,-0.0997529146,-0.1495047563,0.0119609749,-0.2027446600
2020-01-28,0.0000000000,0.0000000000,1.0000000000,-0.0869786681,-0.1435770754,-0.1547155761,0.0109518816,-0.2131540102
2020-01-29,0.0000000000,0.0000000000,1.0000000000,-0.0871261559,-0.1495548933,-0.1472155023,0.0108171135,-0.2077580956
2020-01-30,0.0000000000,0.0000000000,1.0000000000,-0.0639027609,-0.1335211557,-0.1273104452,0.0111147074,-0.1936571219
2020-01-31,0.0000000000,0.0000000000,1.0000000000,-0.0978275345,-0.1494600141,-0.1471526058,0.0115727569,-0.2171698657
2020-02-03,0.0000000000,0.0000000000,1.0000000000,-0.0981948620,-0.1410392274,-0.1638248244,0.0114160362,-0.2242644541
2020-02-04,0.0000000000,0.0000000000,1.0000000000,-0.0718609714,-0.1371995416,-0.1616272671,0.0114634047,-0.2185047220
2020-02-05,0.0000000000,0.0000000000,1.0000000000,-0.0556876083,-0.1314212806,-0.1566601843,0.0114350246,-0.2200181224
2020-02-06,0.0000000000,0.0000000000,1.0000000000,-0.0520307016,-0.1124138796,-0.1619484479,0.0113188459,-0.2161542868
2020-02-07,0.0000000000,0.0000000000,1.0000000000,-0.0618205156,-0.1119569599,-0.1710746737,0.0113150734,-0.2214435384
2020-02-10,0.0000000000,0.0000000000,1.0000000000,-0.0505480484,-0.0993513806,-0.1782256515,0.0112396688,-0.2202452797
2020-02-11,0.0000000000,0.0000000000,1.0000000000,-0.0595242258,-0.1188633778,-0.1859078994,0.0108698671,-0.2213120830
2020-02-12,0.0000000000,0.0000000000,1.0000000000,-0.0269605643,-0.1158709672,-0.1572374159,0.0109445971,-0.2100106857
2020-02-13,0.0000000000,0.0000000000,1.0000000000,-0.0232171505,-0.1130882160,-0.1369826920,0.0109624362,-0.2072038141
2020-02-14,0.0000000000,0.0000000000,1.0000000000,-0.0048068413,-0.1250280755,-0.1153621429,0.0106896291,-0.1932135109
2020-02-17,0.0000000000,0.0000000000,1.0000000000,-0.0019200356,-0.1301576589,-0.1013185383,0.0106843039,-0.1967976789
2020-02-18,0.0000000000,0.0000000000,1.0000000000,-0.0083209265,-0.1262184238,-0.0878853363,0.0106471826,-0.2010958351
2020-02-19,0.0000000000,0.0000000000,1.0000000000,-0.0031788656,-0.1463465379,-0.0736365214,0.0103107764,-0.2048432535
2020-02-20,0.0000000000,0.0000000000,1.0000000000,0.0061780107,-0.1478161034,-0.0497841500,0.0102875113,-0.2006818598
2020-02-21,0.0000000000,0.0000000000,1.0000000000,-0.0108411055,-0.1414378838,-0.0348054649,0.0102197562,-0.2043202071
2020-02-24,0.0000000000,0.0000000000,1.0000000000,-0.0004873532,-0.1364825557,-0.0111904064,0.0102507789,-0.2011555512
2020-02-25,0.0000000000,0.0000000000,1.0000000000,0.0142269839,-0.1055943675,0.0346225643,0.0107773039,-0.1808610601
2020-02-26,0.0000000000,0.0000000000,1.0000000000,0.0389007042,-0.0810076056,0.0481692151,0.0107338177,-0.1583710388
2020-02-27,0.0000000000,0.0000000000,1.0000000000,0.0283039330,-0.0946582247,0.0304899783,0.0106088268,-0.1484771190
2020-02-28,0.0000000000,0.0000000000,1.0000000000,0.0253899071,-0.1021761926,0.0350891911,0.0103372105,-0.1357770239
2020-03-02,0.0000000000,0.0000000000,1.0000000000,0.0515441122,-0.0913281055,0.0200699273,0.0101731249,-0.1395769298
2020-03-03,0.0000000000,0.0000000000,1.0000000000,0.0357383808,-0.1194862898,-0.0202074692,0.0104963474,-0.1601905107
2020-03-04,0.0000000000,0.0000000000,1.0000000000,0.0161818721,-0.1232909022,-0.0322979147,0.0105453690,-0.1492486368
2020-03-05,0.0000000000,0.0000000000,1.0000000000,-0.0041943930,-0.1379260107,-0.0616862814,0.0108330927,-0.1674481177
2020-03-06,0.0000000000,0.0000000000,1.0000000000,-0.0127873645,-0.1354175518,-0.0621522117,0.0108206423,-0.1693276215
2020-03-09,0.0000000000,0.0000000000,1.0000000000,-0.0053639365,-0.1261713256,-0.0655781127,0.0107825639,-0.1687286896
2020-03-10,0.0000000000,0.0000000000,1.0000000000,0.0135827393,-0.1091195472,-0.0452992835,0.0111496418,-0.1515901631
2020-03-11,0.0000000000,0.0000000000,1.0000000000,0.0194606975,-0.0966228206,-0.0426694712,0.0111322746,-0.1478375374
2020-03-12,0.0000000000,0.0000000000,1.0000000000,0.0027369482,-0.1019100765,-0.0519526933,0.0111117833,-0.1496519671
2020-03-13,0.0000000000,0.0000000000,1.0000000000,0.0096311540,-0.0924291117,-0.0330320467,0.0112145010,-0.1407633922
2020-03-16,0.0000000000,0.0000000000,1.0000000000,-0.0211083664,-0.1139588778,-0.0817215944,0.0116333886,-0.1631324348
2020-03-17,0.0000000000,0.0000000000,1.0000000000,-0.0134685379,-0.1016764187,-0.0678794445,0.0115993181,-0.1603478628
2020-03-18,0.0000000000,0.0000000000,1.0000000000,0.0015098755,-0.0870551678,-0.0453588605,0.0116703908,-0.1521609334
2020-03-19,0.0000000000,0.0000000000,1.0000000000,-0.0111206597,-0.1112972777,-0.0751353530,0.0117534203,-0.1667802521
2020-03-20,0.0000000000,0.0000000000,1.0000000000,-0.0022753211,-0.1044861347,-0.0712664003,0.0118809206,-0.1549276607
2020-03-23,0.0000000000,0.0000000000,1.0000000000,0.0068592919,-0.0901829909,-0.0744243864,0.0118427138,-0.1510724772
2020-03-24,0.0000000000,0.0000000000,1.0000000000,-0.0016257486,-0.0957920233,-0.0859234718,0.0118420150,-0.1548786055
2020-03-25,0.0000037251,0.0000037251,0.9999962749,-0.0184808316,-0.0970668173,-0.0788507023,0.0118219458,-0.1480387149
2020-03-26,1.0000000000,0.3500000000,0.0000000000,-0.0021750018,-0.0535245683,-0.0434696145,0.0121579546,-0.1243982254
2020-03-27,1.0000000000,0.3500000000,0.0000000000,0.0039272423,-0.0576016872,-0.0422539134,0.0121251904,-0.1220495155
2020-03-30,1.0000000000,0.3500000000,0.0000000000,-0.0073848740,-0.0472238186,-0.0315368101,0.0121076666,-0.1189954356
2020-03-31,1.0000000000,0.3500000000,0.0000000000,-0.0079984533,-0.0589137816,-0.0480067534,0.0120753399,-0.1234113219
2020-04-01,1.0000000000,0.3500000000,0.0000000000,0.0064940601,-0.0599001323,-0.0560455015,0.0120868241,-0.1319125950
2020-04-02,0.9992026489,0.3500000000,0.0007973511,0.0289589173,-0.0295291082,-0.0371110322,0.0118872544,-0.1228289026
2020-04-03,0.0000000000,0.0000000000,1.0000000000,0.0417692122,-0.0203706812,-0.0433100977,0.0117091988,-0.1314015009
2020-04-06,0.0000000000,0.0000000000,1.0000000000,0.0470779682,-0.0200949426,-0.0472078029,0.0117097712,-0.1302212537
2020-04-07,0.0000000000,0.0000000000,1.0000000000,0.0408492983,-0.0287344445,-0.0462175505,0.0117156540,-0.1347718399
2020-04-08,0.0000000000,0.0000000000,1.0000000000,0.0261949571,-0.0124432227,-0.0311839933,0.0116747052,-0.1293661038
2020-04-09,0.0000000000,0.0000000000,1.0000000000,0.0262775257,-0.0160275955,-0.0301415335,0.0116418294,-0.1254448164
2020-04-10,0.9999998512,0.3500000000,0.0000001488,0.0417864900,0.0164737809,-0.0209489444,0.0114922826,-0.1141189076
2020-04-13,0.9999990302,0.3500000000,0.0000009698,0.0252150088,0.0110571951,-0.0209852532,0.0115164721,-0.1190977336
2020-04-14,0.0000000000,0.0000000000,1.0000000000,0.0497358873,0.0226382748,-0.0186097104,0.0113777935,-0.1215100838
2020-04-15,0.0000000000,0.0000000000,1.0000000000,0.0344893010,0.0185967383,-0.0328223966,0.0114314547,-0.1313888475
2020-04-16,0.0000000000,0.0000000000,1.0000000000,0.0195501425,0.0125931253,-0.0209722708,0.0114496837,-0.1355855589
2020-04-17,0.0000000000,0.0000000000,1.0000000000,0.0426545679,0.0277819615,0.0003451164,0.0113913745,-0.1312396237
2020-04-20,0.0000000000,0.0000000000,1.0000000000,0.0378832868,0.0419192337,0.0182014379,0.0114325525,-0.1229135430
2020-04-21,0.0000000000,0.0000000000,1.0000000000,0.0222535521,0.0181071119,0.0095241364,0.0114171326,-0.1321808243
2020-04-22,0.0000000000,0.0000000000,1.0000000000,0.0380863853,0.0358936256,0.0162638551,0.0114604393,-0.1226909864
2020-04-23,0.0000000000,0.0000000000,1.0000000000,0.0470187359,0.0422895888,0.0148299726,0.0115738024,-0.1079805722
2020-04-24,1.0000000000,0.3500000000,0.0000000000,0.0243137544,0.0618457302,0.0094779801,0.0114526998,-0.1031090589
2020-04-27,1.0000000000,0.3500000000,0.0000000000,0.0450916956,0.0788923980,0.0341855082,0.0117625081,-0.0815105927
2020-04-28,1.0000000000,0.3500000000,0.0000000000,0.0323190001,0.0507123767,0.0248211500,0.0116363055,-0.0849554675
2020-04-29,1.0000000000,0.3500000000,0.0000000000,0.0225419095,0.0666476040,0.0218087945,0.0111619969,-0.0981649190
2020-04-30,0.9994073961,0.3500000000,0.0005926039,0.0110325157,0.0539655344,0.0002316482,0.0114302524,-0.1169633493
2020-05-01,0.9999999994,0.3500000000,0.0000000006,0.0190255119,0.0655026529,0.0217167244,0.0116147522,-0.1006690875
2020-05-04,1.0000000000,0.3500000000,0.0000000000,0.0376780419,0.0764868091,0.0257652145,0.0116440386,-0.0931575269
2020-05-05,0.9995305883,0.3500000000,0.0004694117,0.0360968899,0.0710015441,0.0353539401,0.0116355468,-0.0933089841
2020-05-06,1.0000000000,0.3500000000,0.0000000000,0.0455661201,0.0824393150,0.0323997382,0.0115960105,-0.0898094982
2020-05-07,1.0000000000,0.3500000000,0.0000000000,0.0255601729,0.0667194876,0.0000781396,0.0117356182,-0.1016473162
2020-05-08,1.0000000000,0.3500000000,0.0000000000,0.0514365302,0.1000650514,0.0307593826,0.0122765756,-0.0748323656
2020-05-11,1.0000000000,0.3500000000,0.0000000000,0.0401225770,0.0865513664,0.0274067542,0.0121648587,-0.0729351667
2020-05-12,1.0000000000,0.3500000000,0.0000000000,0.0478974361,0.0846671222,0.0203090962,0.0121618459,-0.0712546415
2020-05-13,1.0000000000,0.3500000000,0.0000000000,0.0604517790,0.0896965762,0.0341673920,0.0121956492,-0.0627016402
2020-05-14,1.0000000000,0.3500000000,0.0000000000,0.0792392733,0.1014243777,0.0373455955,0.0121870345,-0.0568228011
2020-05-15,1.0000000000,0.3500000000,0.0000000000,0.0879347637,0.1108788033,0.0399740733,0.0121558345,-0.0538172648
2020-05-18,1.0000000000,0.3500000000,0.0000000000,0.0727654734,0.1060850984,0.0289087332,0.0122044463,-0.0623193728
2020-05-19,1.0000000000,0.3500000000,0.0000000000,0.0691248097,0.1071020143,0.0444102293,0.0122093471,-0.0514403192
2020-05-20,1.0000000000,0.3500000000,0.0000000000,0.1054853414,0.1378379089,0.0676718402,0.0124750603,-0.0295434887
2020-05-21,1.0000000000,0.3500000000,0.0000000000,0.1117291303,0.1521946452,0.0784592016,0.0126067400,-0.0133902008
2020-05-22,1.0000000000,0.3500000000,0.0000000000,0.1148459472,0.1456925741,0.0802651024,0.0124560844,0.0000000000
2020-05-25,1.0000000000,0.3500000000,0.0000000000,0.1025430208,0.1268936428,0.0614291626,0.0124441867,-0.0056345881
2020-05-26,1.0000000000,0.3500000000,0.0000000000,0.0654724819,0.1178894917,0.0224262752,0.0125398521,-0.0169457511
2020-05-27,1.0000000000,0.3500000000,0.0000000000,0.0738310591,0.1003498049,0.0303668042,0.0124322464,-0.0179380883
2020-05-28,1.0000000000,0.3500000000,0.0000000000,0.0908331551,0.1065009616,0.0203796245,0.0124087337,-0.0167903536
2020-05-29,1.0000000000,0.3500000000,0.0000000000,0.1292401440,0.1491127623,0.0315025389,0.0120545833,-0.0033889129
2020-06-01,1.0000000000,0.3500000000,0.0000000000,0.0868158717,0.1395649011,-0.0152990514,0.0122498920,-0.0231313556
2020-06-02,1.0000000000,0.3500000000,0.0000000000,0.0981353024,0.1871073625,0.0125824274,0.0120319278,-0.0047128843
2020-06-03,1.0000000000,0.3500000000,0.0000000000,0.0967853822,0.1898741929,0.0209460214,0.0120151917,-0.0061023994
2020-06-04,1.0000000000,0.3500000000,0.0000000000,0.0875180018,0.1835205701,0.0230737619,0.0120491626,-0.0106967635
2020-06-05,1.0000000000,0.3500000000,0.0000000000,0.0890171946,0.1461085699,0.0370728892,0.0119627946,-0.0222174495
2020-06-08,1.0000000000,0.3500000000,0.0000000000,0.0369827714,0.1189725200,0.0229392576,0.0122641199,-0.0411456379
2020-06-09,1.0000000000,0.3500000000,0.0000000000,0.0456004624,0.1329976552,0.0425311370,0.0122996865,-0.0311946023
2020-06-10,1.0000000000,0.3500000000,0.0000000000,0.0451486181,0.1228242505,0.0415691069,0.0122528380,-0.0298578295
2020-06-11,1.0000000000,0.3500000000,0.0000000000,0.0200984916,0.1355678153,0.0212679632,0.0119208159,-0.0443901040
2020-06-12,1.0000000000,0.3500000000,0.0000000000,-0.0015074101,0.1147785161,-0.0167220796,0.0121131330,-0.0587633801
2020-06-15,1.0000000000,0.3500000000,0.0000000000,-0.0081920097,0.1001174330,-0.0317199343,0.0120880384,-0.0620853961
2020-06-16,1.0000000000,0.3500000000,0.0000000000,0.0213455792,0.1423993599,-0.0054550239,0.0120757079,-0.0428316428
2020-06-17,1.0000000000,0.3500000000,0.0000000000,0.0124404384,0.1234310150,0.0022482354,0.0119910249,-0.0453347302
2020-06-18,1.0000000000,0.3500000000,0.0000000000,-0.0277589520,0.0987163051,-0.0215936741,0.0122332859,-0.0620773780
2020-06-19,1.0000000000,0.3500000000,0.0000000000,-0.0460189428,0.1009617527,-0.0087816463,0.0122197289,-0.0643742724
2020-06-22,1.0000000000,0.3500000000,0.0000000000,-0.0669684658,0.0890946753,-0.0332598863,0.0122032892,-0.0669684658
2020-06-23,1.0000000000,0.3500000000,0.0000000000,-0.0915787338,0.0259255397,-0.0775792689,0.0124383883,-0.0966973135
2020-06-24,1.0000000000,0.3500000000,0.0000000000,-0.0812655533,0.0230259130,-0.0729632525,0.0124354279,-0.0968341985
2020-06-25,1.0000000000,0.3500000000,0.0000000000,-0.0824259574,0.0171640471,-0.0561371140,0.0124338476,-0.0988854816
2020-06-26,1.0000000000,0.3500000000,0.0000000000,-0.0753819199,0.0313399190,-0.0634633833,0.0124601689,-0.0909065844
2020-06-29,1.0000000000,0.3500000000,0.0000000000,-0.0671201032,0.0650675822,-0.0413774395,0.0126956939,-0.0702815520
2020-06-30,1.0000000000,0.3500000000,0.0000000000,-0.0349245294,0.0688144247,-0.0426378630,0.0127458715,-0.0572480333
2020-07-01,1.0000000000,0.3500000000,0.0000000000,-0.0553666538,0.0764199854,-0.0271204757,0.0126793352,-0.0598186014
2020-07-02,1.0000000000,0.3500000000,0.0000000000,-0.0661337065,0.0612231716,-0.0330811279,0.0128018610,-0.0718325316
2020-07-03,1.0000000000,0.3500000000,0.0000000000,-0.0323556792,0.1002812415,-0.0032999733,0.0133332656,-0.0427063416
2020-07-06,1.0000000000,0.3500000000,0.0000000000,-0.0197691932,0.0947733863,-0.0031537594,0.0133200743,-0.0415474216
2020-07-07,1.0000000000,0.3500000000,0.0000000000,0.0002478472,0.0905918002,0.0024239530,0.0133150066,-0.0409079885
2020-07-08,1.0000000000,0.3500000000,0.0000000000,-0.0098177595,0.0768753171,-0.0052969977,0.0132342492,-0.0407061007
2020-07-09,1.0000000000,0.3500000000,0.0000000000,-0.0083372999,0.0860774750,0.0099993313,0.0132062451,-0.0379461957
2020-07-10,1.0000000000,0.3500000000,0.0000000000,0.0055026067,0.0877177889,0.0099752934,0.0131999993,-0.0391317586
2020-07-13,1.0000000000,0.3500000000,0.0000000000,0.0143401692,0.0930655615,0.0015810472,0.0131388297,-0.0452658877
2020-07-14,1.0000000000,0.3500000000,0.0000000000,0.0117618563,0.0917136978,-0.0110901037,0.0131493041,-0.0510537793
2020-07-15,1.0000000000,0.3500000000,0.0000000000,-0.0084840210,0.0863686350,-0.0198443273,0.0131424963,-0.0509522793
2020-07-16,1.0000000000,0.3500000000,0.0000000000,-0.0118699801,0.0695768256,-0.0129181148,0.0131328285,-0.0566665879
2020-07-17,1.0000000000,0.3500000000,0.0000000000,-0.0023317042,0.0722921152,-0.0030128072,0.0131004499,-0.0642643361
2020-07-20,1.0000000000,0.3500000000,0.0000000000,0.0018948719,0.0625781725,-0.0168070297,0.0130412774,-0.0626013816
2020-07-21,1.0000000000,0.3500000000,0.0000000000,0.0021088248,0.0423799955,-0.0237051199,0.0128919834,-0.0650008658
2020-07-22,1.0000000000,0.3500000000,0.0000000000,0.0542882621,0.0559472131,0.0029096328,0.0130734266,-0.0476585805
2020-07-23,1.0000000000,0.3500000000,0.0000000000,0.0214315561,-0.0001346728,-0.0467140498,0.0133822943,-0.0774779500
2020-07-24,1.0000000000,0.3500000000,0.0000000000,0.0376778552,0.0224442316,-0.0355721211,0.0134399765,-0.0649334193
2020-07-27,1.0000000000,0.3500000000,0.0000000000,0.0444649242,0.0534515606,-0.0348103359,0.0134338831,-0.0504838146
2020-07-28,1.0000000000,0.3500000000,0.0000000000,-0.0036055168,0.0496472137,-0.0595744849,0.0135332845,-0.0736336675
2020-07-29,1.0000000000,0.3500000000,0.0000000000,-0.0209301097,0.0269065978,-0.0860300628,0.0133549805,-0.0769799353
2020-07-30,1.0000000000,0.3500000000,0.0000000000,-0.0221382729,0.0143704150,-0.1088634560,0.0133284027,-0.0806325938
2020-07-31,1.0000000000,0.3500000000,0.0000000000,-0.0257158582,-0.0020885912,-0.1212834403,0.0134935393,-0.0957011546
2020-08-03,1.0000000000,0.3500000000,0.0000000000,-0.0637037630,-0.0147068020,-0.1395084359,0.0135305510,-0.1036895499
2020-08-04,1.0000000000,0.3500000000,0.0000000000,-0.0768311585,-0.0145281520,-0.1574919511,0.0135278260,-0.1151864435
2020-08-05,1.0000000000,0.3500000000,0.0000000000,-0.0575866088,-0.0224913371,-0.1536778727,0.0132683954,-0.0961388450
2020-08-06,1.0000000000,0.3500000000,0.0000000000,-0.0467345134,-0.0130508693,-0.1341593688,0.0133515056,-0.0855382342
2020-08-07,1.0000000000,0.3500000000,0.0000000000,-0.0344901141,0.0006881426,-0.1281285992,0.0134988755,-0.0711275411
2020-08-10,1.0000000000,0.3500000000,0.0000000000,-0.0244437787,0.0006394228,-0.1316059520,0.0134983422,-0.0626190093
2020-08-11,1.0000000000,0.3500000000,0.0000000000,-0.0309873196,-0.0185731599,-0.1249060976,0.0135751104,-0.0748505388
2020-08-12,1.0000000000,0.3500000000,0.0000000000,-0.0307259777,-0.0273592109,-0.1178925240,0.0135860506,-0.0802110797
2020-08-13,1.0000000000,0.3500000000,0.0000000000,-0.0246536079,-0.0122857653,-0.0904691288,0.0135663614,-0.0743497297
2020-08-14,1.0000000000,0.3500000000,0.0000000000,-0.0326453738,-0.0322363854,-0.1008959738,0.0136563580,-0.0874620598
2020-08-17,1.0000000000,0.3500000000,0.0000000000,-0.0159594187,-0.0455061529,-0.1009445556,0.0133783332,-0.0791981334
2020-08-18,1.0000000000,0.3500000000,0.0000000000,-0.0200468140,-0.0633717899,-0.1194037560,0.0131950959,-0.0813932374
2020-08-19,1.0000000000,0.3500000000,0.0000000000,-0.0214597240,-0.0850656891,-0.1241409360,0.0129341387,-0.0850656891
2020-08-20,1.0000000000,0.3500000000,0.0000000000,-0.0306023248,-0.0715711277,-0.1335962627,0.0129872474,-0.0768024420
2020-08-21,1.0000000000,0.3500000000,0.0000000000,0.0065676701,-0.0554123829,-0.1143190091,0.0129484344,-0.0714191295
2020-08-24,1.0000000000,0.3500000000,0.0000000000,-0.0107411122,-0.0580808454,-0.0997612887,0.0129539743,-0.0749770744
2020-08-25,1.0000000000,0.3500000000,0.0000000000,-0.0117553221,-0.0456213278,-0.0866349451,0.0130942291,-0.0616456832
2020-08-26,1.0000000000,0.3500000000,0.0000000000,0.0003066996,-0.0701985351,-0.1026116924,0.0130477696,-0.0733495513
2020-08-27,1.0000000000,0.3500000000,0.0000000000,0.0118554230,-0.0439217562,-0.0956275648,0.0128716629,-0.0660371420
2020-08-28,1.0000000000,0.3500000000,0.0000000000,0.0236136800,-0.0544667573,-0.0660347184,0.0126736198,-0.0589229460
2020-08-31,1.0000000000,0.3500000000,0.0000000000,0.0373251195,-0.0561885778,-0.0685065732,0.0126770477,-0.0619480921
2020-09-01,1.0000000000,0.3500000000,0.0000000000,0.0511894514,-0.0476205318,-0.0499993755,0.0126846577,-0.0578079097
2020-09-02,1.0000000000,0.3500000000,0.0000000000,0.0493936353,-0.0503842454,-0.0717110196,0.0127296597,-0.0714822855
2020-09-03,1.0000000000,0.3500000000,0.0000000000,0.0391835889,-0.0204167431,-0.0655318327,0.0125960278,-0.0607223211
2020-09-04,1.0000000000,0.3500000000,0.0000000000,0.0253717098,-0.0321449215,-0.0569735558,0.0125234060,-0.0623367757
2020-09-07,1.0000000000,0.3500000000,0.0000000000,0.0036366018,-0.0390579583,-0.0570743454,0.0125390419,-0.0677496019
2020-09-08,1.0000000000,0.3500000000,0.0000000000,0.0075431482,-0.0116764190,-0.0329246969,0.0125168650,-0.0555482055
2020-09-09,1.0000000000,0.3500000000,0.0000000000,0.0127459786,-0.0045633832,-0.0403730307,0.0124118931,-0.0630586035
2020-09-10,1.0000000000,0.3500000000,0.0000000000,0.0019408785,-0.0174221459,-0.0672694371,0.0125758497,-0.0784258812
2020-09-11,1.0000000000,0.3500000000,0.0000000000,-0.0225030500,-0.0546905263,-0.0737326424,0.0124920392,-0.0951796840
2020-09-14,1.0000000000,0.3500000000,0.0000000000,-0.0007509306,-0.0448456476,-0.0726066711,0.0125363727,-0.0881473125
2020-09-15,1.0000000000,0.3500000000,0.0000000000,-0.0244395770,-0.0422473694,-0.0810043586,0.0124827138,-0.1017021415
2020-09-16,1.0000000000,0.3500000000,0.0000000000,-0.0010274482,-0.0191986874,-0.0526532497,0.0127882922,-0.0823370583
2020-09-17,1.0000000000,0.3500000000,0.0000000000,-0.0215738453,-0.0405515496,-0.0751218436,0.0131455259,-0.1048043404
2020-09-18,1.0000000000,0.3500000000,0.0000000000,-0.0101065866,0.0116954102,-0.0444381433,0.0127948264,-0.0861328180
2020-09-21,1.0000000000,0.3500000000,0.0000000000,-0.0128611864,0.0149168816,-0.0356157033,0.0127994407,-0.0833617812
2020-09-22,1.0000000000,0.3500000000,0.0000000000,-0.0097188930,0.0165552858,-0.0226930553,0.0127957983,-0.0839672733
2020-09-23,1.0000000000,0.3500000000,0.0000000000,-0.0296833913,0.0015480949,-0.0514333954,0.0127735384,-0.0894992215
2020-09-24,1.0000000000,0.3500000000,0.0000000000,-0.0122305611,-0.0154901242,-0.0472953272,0.0124616995,-0.0846830062
2020-09-25,1.0000000000,0.3500000000,0.0000000000,-0.0199168283,-0.0290539692,-0.0396657546,0.0123287077,-0.0846387199
2020-09-28,1.0000000000,0.3500000000,0.0000000000,-0.0139617211,-0.0130223806,-0.0294485424,0.0124523610,-0.0720620014
2020-09-29,1.0000000000,0.3500000000,0.0000000000,-0.0089312607,0.0016230404,-0.0268076956,0.0123487412,-0.0703260783
2020-09-30,1.0000000000,0.3500000000,0.0000000000,-0.0110132023,-0.0266147383,-0.0224625252,0.0116864218,-0.0681844618
2020-10-01,1.0000000000,0.3500000000,0.0000000000,-0.0003253602,-0.0315476918,-0.0338427492,0.0116929002,-0.0717843881
2020-10-02,1.0000000000,0.3500000000,0.0000000000,-0.0119583945,-0.0323708103,-0.0431957331,0.0116920908,-0.0719545741
2020-10-05,1.0000000000,0.3500000000,0.0000000000,-0.0061065928,-0.0285174361,-0.0335138373,0.0117065065,-0.0680627031
2020-10-06,1.0000000000,0.3500000000,0.0000000000,-0.0203511515,-0.0506996335,-0.0467547136,0.0119562180,-0.0867219710
2020-10-07,1.0000000000,0.3500000000,0.0000000000,-0.0481679894,-0.0644300521,-0.0590647052,0.0121031407,-0.1010405495
2020-10-08,1.0000000000,0.3500000000,0.0000000000,-0.0315008974,-0.0495501418,-0.0237222422,0.0121530864,-0.0925730984
2020-10-09,1.0000000000,0.3500000000,0.0000000000,-0.0128399103,-0.0413142811,-0.0036139683,0.0121406112,-0.0902588102
2020-10-12,1.0000000000,0.3500000000,0.0000000000,0.0037214215,-0.0430538803,-0.0218487887,0.0121410675,-0.0918124662
2020-10-13,1.0000000000,0.3500000000,0.0000000000,-0.0033011499,-0.0365627746,-0.0405619925,0.0121224417,-0.0911574748
2020-10-14,1.0000000000,0.3500000000,0.0000000000,0.0164643077,-0.0242033663,-0.0336758439,0.0121008521,-0.0869122892
2020-10-15,1.0000000000,0.3500000000,0.0000000000,-0.0109330580,-0.0317565423,-0.0465252034,0.0121186355,-0.0923699205
2020-10-16,1.0000000000,0.3500000000,0.0000000000,0.0049277290,-0.0378526479,-0.0589389885,0.0121621051,-0.1003930588
2020-10-19,1.0000000000,0.3500000000,0.0000000000,-0.0127986129,-0.0526811801,-0.0903211812,0.0119232057,-0.0978290503
2020-10-20,1.0000000000,0.3500000000,0.0000000000,-0.0268460306,-0.0330527913,-0.1129079399,0.0113487836,-0.1079698788
2020-10-21,1.0000000000,0.3500000000,0.0000000000,-0.0209452183,-0.0408744791,-0.1071944369,0.0112312584,-0.1031537787
2020-10-22,1.0000000000,0.3500000000,0.0000000000,-0.0346288579,-0.0742957415,-0.1152867527,0.0113000592,-0.1210288236
2020-10-23,1.0000000000,0.3500000000,0.0000000000,-0.0273688288,-0.0389699966,-0.0867702648,0.0110366431,-0.1097341604
2020-10-26,1.0000000000,0.3500000000,0.0000000000,-0.0214139042,-0.0295337495,-0.0838295428,0.0110619574,-0.1042401787
2020-10-27,1.0000000000,0.3500000000,0.0000000000,-0.0312285989,-0.0221974491,-0.0726031055,0.0110637493,-0.1010402050
2020-10-28,1.0000000000,0.3500000000,0.0000000000,-0.0211513415,0.0063156397,-0.0453881756,0.0109806189,-0.0899899289
2020-10-29,1.0000000000,0.3500000000,0.0000000000,-0.0033947490,0.0360832659,-0.0187092238,0.0112121956,-0.0713477416
2020-10-30,1.0000000000,0.3500000000,0.0000000000,0.0131488170,0.0628459999,0.0062831057,0.0111789739,-0.0595794509
2020-11-02,1.0000000000,0.3500000000,0.0000000000,-0.0085437821,0.0179842367,-0.0354532378,0.0112236078,-0.0798835921
2020-11-03,1.0000000000,0.3500000000,0.0000000000,-0.0273507112,-0.0087632060,-0.0601942505,0.0112882682,-0.0935518510
2020-11-04,1.0000000000,0.3500000000,0.0000000000,-0.0144239139,-0.0309703159,-0.0671480232,0.0111364449,-0.0998950147
2020-11-05,1.0000000000,0.3500000000,0.0000000000,0.0020884185,-0.0389853614,-0.0831309426,0.0110698661,-0.0991631460
2020-11-06,1.0000000000,0.3500000000,0.0000000000,-0.0005991813,-0.0197441318,-0.0782935852,0.0109902708,-0.0931168116
2020-11-09,1.0000000000,0.3500000000,0.0000000000,-0.0113246914,-0.0221249335,-0.0767795527,0.0110140783,-0.1005613484
2020-11-10,1.0000000000,0.3500000000,0.0000000000,-0.0069185489,-0.0256533998,-0.0913117041,0.0109880925,-0.0980958061
2020-11-11,1.0000000000,0.3500000000,0.0000000000,-0.0161334612,-0.0201177286,-0.1053273647,0.0108968122,-0.1058202504
2020-11-12,1.0000000000,0.3500000000,0.0000000000,-0.0274043262,-0.0355523923,-0.1007014490,0.0108614891,-0.1119348426
2020-11-13,1.0000000000,0.3500000000,0.0000000000,-0.0375828995,-0.0490830843,-0.1138509524,0.0110419426,-0.1264812905
2020-11-16,1.0000000000,0.3500000000,0.0000000000,-0.0392716073,-0.0553661390,-0.1143623985,0.0111042278,-0.1327831469
2020-11-17,1.0000000000,0.3500000000,0.0000000000,-0.0570619727,-0.0785381871,-0.1140263089,0.0111867910,-0.1464159825
2020-11-18,1.0000000000,0.3500000000,0.0000000000,-0.0570333685,-0.0941503693,-0.1340161479,0.0112191435,-0.1559850683
2020-11-19,1.0000000000,0.3500000000,0.0000000000,-0.0497696217,-0.0787141588,-0.1427057447,0.0113652912,-0.1448915879
2020-11-20,1.0000000000,0.3500000000,0.0000000000,-0.0410065775,-0.1016958503,-0.1380084223,0.0112498882,-0.1542061014
2020-11-23,1.0000000000,0.3500000000,0.0000000000,-0.0227908441,-0.0611606232,-0.1167568189,0.0119375625,-0.1259045596
2020-11-24,1.0000000000,0.3500000000,0.0000000000,-0.0225493561,-0.0625312275,-0.1045428191,0.0119214516,-0.1202930288
2020-11-25,1.0000000000,0.3500000000,0.0000000000,-0.0233814425,-0.0670893371,-0.0972834611,0.0118805442,-0.1166687416
2020-11-26,1.0000000000,0.3500000000,0.0000000000,-0.0446954729,-0.0732530542,-0.1001837077,0.0119289304,-0.1212636242
2020-11-27,1.0000000000,0.3500000000,0.0000000000,-0.0555376758,-0.0691101322,-0.0831243695,0.0119759483,-0.1029937384
2020-11-30,1.0000000000,0.3500000000,0.0000000000,-0.0733326012,-0.0614534862,-0.0899842645,0.0118722356,-0.1017223140
2020-12-01,1.0000000000,0.3500000000,0.0000000000,-0.0510236522,-0.0703827761,-0.0794782555,0.0117699474,-0.0999579909
2020-12-02,1.0000000000,0.3500000000,0.0000000000,-0.0066393514,-0.0397086098,-0.0542808069,0.0124533480,-0.0718577663
2020-12-03,1.0000000000,0.3500000000,0.0000000000,-0.0002919567,-0.0347634118,-0.0548008749,0.0124355205,-0.0646654172
2020-12-04,1.0000000000,0.3500000000,0.0000000000,0.0131713486,-0.0336170722,-0.0390177628,0.0124576068,-0.0512982889
2020-12-07,1.0000000000,0.3500000000,0.0000000000,-0.0015726768,-0.0336034274,-0.0366360651,0.0124574712,-0.0588291942
2020-12-08,1.0000000000,0.3500000000,0.0000000000,0.0067718507,-0.0174099974,-0.0303323790,0.0122893508,-0.0587537705
2020-12-09,1.0000000000,0.3500000000,0.0000000000,0.0258566639,0.0225504569,-0.0186290027,0.0123766994,-0.0382820344
2020-12-10,1.0000000000,0.3500000000,0.0000000000,0.0274511555,0.0075377629,-0.0318255545,0.0123754944,-0.0450367612
2020-12-11,1.0000000000,0.3500000000,0.0000000000,0.0575430145,0.0454963181,0.0009571416,0.0125294809,-0.0237894186
2020-12-14,1.0000000000,0.3500000000,0.0000000000,0.0848228492,0.0326373793,0.0082528210,0.0122912100,-0.0150103342
2020-12-15,1.0000000000,0.3500000000,0.0000000000,0.0895694753,0.0519385805,-0.0074936878,0.0118998755,-0.0211661269
2020-12-16,1.0000000000,0.3500000000,0.0000000000,0.1159254747,0.0387812437,0.0204672365,0.0116603474,-0.0132484446
2020-12-17,1.0000000000,0.3500000000,0.0000000000,0.1423128916,0.0482453904,0.0256863409,0.0117467188,-0.0012390334
2020-12-18,1.0000000000,0.3500000000,0.0000000000,0.1364702408,0.0572896266,0.0416141401,0.0117794237,0.0000000000
2020-12-21,1.0000000000,0.3500000000,0.0000000000,0.1279103993,0.0442020503,0.0150503661,0.0119971931,-0.0183426966
2020-12-22,1.0000000000,0.3500000000,0.0000000000,0.0838532894,0.0301636258,0.0154941968,0.0120356179,-0.0264174622
2020-12-23,1.0000000000,0.3500000000,0.0000000000,0.0742792555,0.0275691738,0.0348823453,0.0120414683,-0.0288224288
2020-12-24,0.9999936692,0.3500000000,0.0000063308,0.0709459806,0.0132435485,0.0545439366,0.0119219455,-0.0292042969
2020-12-25,0.9999999955,0.3500000000,0.0000000045,0.0901416369,0.0193898692,0.0617819608,0.0119595642,-0.0214883494
2020-12-28,0.9999999962,0.3500000000,0.0000000038,0.0833653586,0.0197242650,0.0607406594,0.0119604911,-0.0189125036
2020-12-29,0.9999936319,0.3500000000,0.0000063681,0.0734251886,0.0077873624,0.0551967664,0.0121164312,-0.0341430357
2020-12-30,0.9999985461,0.3500000000,0.0000014539,0.0767444157,0.0130749039,0.0519513731,0.0121318030,-0.0292535063
2020-12-31,0.9999999997,0.3500000000,0.0000000003,0.0523176993,0.0167404462,0.0812016856,0.0121593209,-0.0216554454
2021-01-01,0.9999999999,0.3500000000,0.0000000001,0.0606050638,0.0450018032,0.0893243688,0.0119053844,-0.0145942579
2021-01-04,1.0000000000,0.3500000000,0.0000000000,0.0597456231,0.0759462452,0.1197088526,0.0118220007,-0.0013214646
2021-01-05,1.0000000000,0.3500000000,0.0000000000,0.0794492346,0.0771058412,0.1398195036,0.0118349412,0.0000000000
2021-01-06,1.0000000000,0.3500000000,0.0000000000,0.0858498802,0.0808229058,0.1454457681,0.0118490989,0.0000000000
2021-01-07,1.0000000000,0.3500000000,0.0000000000,0.0623723503,0.0823016316,0.1564157780,0.0118447495,-0.0003419885
2021-01-08,1.0000000000,0.3500000000,0.0000000000,0.0490972733,0.0605060091,0.1386299312,0.0121300103,-0.0197668744
2021-01-11,1.0000000000,0.3500000000,0.0000000000,0.0320674930,0.0615451578,0.1308483611,0.0121354418,-0.0142232457
2021-01-12,1.0000000000,0.3500000000,0.0000000000,0.0259294915,0.0711238001,0.1415640709,0.0121045945,-0.0112735530
2021-01-13,1.0000000000,0.3500000000,0.0000000000,0.0362621303,0.0847388154,0.1339169251,0.0120405759,-0.0075569836
2021-01-14,1.0000000000,0.3500000000,0.0000000000,0.0127119882,0.0656247370,0.1318896590,0.0122100134,-0.0222659646
2021-01-15,0.9999998234,0.3500000000,0.0000001766,-0.0119445236,0.0642967414,0.1101588819,0.0122310405,-0.0344609269
2021-01-18,0.9999999956,0.3500000000,0.0000000044,-0.0068706320,0.0724888926,0.1050749317,0.0123138706,-0.0217758346
2021-01-19,1.0000000000,0.3500000000,0.0000000000,0.0117120594,0.0943271046,0.1382953210,0.0120149443,-0.0217510482
2021-01-20,1.0000000000,0.3500000000,0.0000000000,0.0289555292,0.0898196461,0.1586742242,0.0119627789,-0.0132617956
2021-01-21,1.0000000000,0.3500000000,0.0000000000,0.0323698515,0.0840450728,0.1511005359,0.0119475923,-0.0124331126
2021-01-22,1.0000000000,0.3500000000,0.0000000000,0.0336611053,0.0811120613,0.1543225109,0.0119443497,-0.0115866950
2021-01-25,1.0000000000,0.3500000000,0.0000000000,0.0375696742,0.0805429473,0.1621397074,0.0119366323,0.0000000000
2021-01-26,1.0000000000,0.3500000000,0.0000000000,0.0289546381,0.0528240856,0.1633744283,0.0117115164,-0.0056925367
2021-01-27,1.0000000000,0.3500000000,0.0000000000,0.0469083055,0.0413682000,0.1635072811,0.0116145132,-0.0040484997
2021-01-28,1.0000000000,0.3500000000,0.0000000000,0.0363777098,0.0589759083,0.1592206677,0.0112845216,-0.0090753692
2021-01-29,1.0000000000,0.3500000000,0.0000000000,0.0234814533,0.0698768831,0.1372507956,0.0111263311,-0.0137465430
2021-02-01,1.0000000000,0.3500000000,0.0000000000,0.0128855243,0.0739578753,0.1295866680,0.0110918647,-0.0169124812
2021-02-02,1.0000000000,0.3500000000,0.0000000000,0.0025876967,0.0764823222,0.1280285739,0.0110945231,-0.0138004142
2021-02-03,1.0000000000,0.3500000000,0.0000000000,-0.0130409034,0.0636967552,0.1271193369,0.0111015166,-0.0189730147
2021-02-04,1.0000000000,0.3500000000,0.0000000000,-0.0036630103,0.0891986793,0.1508259263,0.0111858465,-0.0036993335
2021-02-05,1.0000000000,0.3500000000,0.0000000000,-0.0135234423,0.0751033430,0.1444149974,0.0112801732,-0.0138967574
2021-02-08,1.0000000000,0.3500000000,0.0000000000,0.0042722088,0.0825012033,0.1364732520,0.0112173719,-0.0156150025
2021-02-09,1.0000000000,0.3500000000,0.0000000000,-0.0061456338,0.0847480802,0.1362164232,0.0111961748,-0.0203171859
2021-02-10,1.0000000000,0.3500000000,0.0000000000,0.0085903601,0.1225124103,0.1519319150,0.0111525130,-0.0028163921
2021-02-11,1.0000000000,0.3500000000,0.0000000000,0.0076857379,0.1377573953,0.1266037401,0.0110379713,0.0000000000
2021-02-12,1.0000000000,0.3500000000,0.0000000000,0.0360217417,0.1708196765,0.1287530089,0.0108798426,0.0000000000
2021-02-15,1.0000000000,0.3500000000,0.0000000000,0.0309293284,0.1635774673,0.1129932638,0.0110309793,-0.0173267245
2021-02-16,1.0000000000,0.3500000000,0.0000000000,0.0213304425,0.1527368312,0.1006999983,0.0109474149,-0.0136863099
2021-02-17,1.0000000000,0.3500000000,0.0000000000,0.0327182247,0.1784559916,0.1179163189,0.0108707008,-0.0026636927
2021-02-18,1.0000000000,0.3500000000,0.0000000000,0.0253562478,0.1435150564,0.1470597951,0.0101977335,-0.0011802468
2021-02-19,1.0000000000,0.3500000000,0.0000000000,0.0381070658,0.1513162908,0.1759367418,0.0102801093,0.0000000000
2021-02-22,1.0000000000,0.3500000000,0.0000000000,0.0312982113,0.1416421759,0.1954649907,0.0103291521,-0.0057074614
2021-02-23,1.0000000000,0.3500000000,0.0000000000,0.0370601394,0.1730165490,0.2208198352,0.0103898544,0.0000000000
2021-02-24,1.0000000000,0.3500000000,0.0000000000,0.0722918777,0.1953200108,0.2542044231,0.0108488562,0.0000000000
2021-02-25,1.0000000000,0.3500000000,0.0000000000,0.0663959659,0.1983920541,0.2241323996,0.0108182716,-0.0038540627
2021-02-26,1.0000000000,0.3500000000,0.0000000000,0.0666116916,0.1902468250,0.2128356889,0.0108620564,-0.0086814161
2021-03-01,1.0000000000,0.3500000000,0.0000000000,0.0908897649,0.1749184380,0.2372290214,0.0104220628,0.0000000000
2021-03-02,1.0000000000,0.3500000000,0.0000000000,0.1156943307,0.1985586402,0.2482513407,0.0106262577,0.0000000000
2021-03-03,1.0000000000,0.3500000000,0.0000000000,0.1057515813,0.1748477013,0.2742159974,0.0105809861,-0.0057743203
2021-03-04,1.0000000000,0.3500000000,0.0000000000,0.1065327361,0.1788692612,0.2642216611,0.0105349027,-0.0102903338
2021-03-05,1.0000000000,0.3500000000,0.0000000000,0.0864296526,0.1753782567,0.2484064730,0.0105532365,-0.0131420984
2021-03-08,1.0000000000,0.3500000000,0.0000000000,0.0805043292,0.1323743923,0.2504512014,0.0105113346,-0.0285700487
2021-03-09,1.0000000000,0.3500000000,0.0000000000,0.0709994660,0.1283827990,0.2199379966,0.0105690496,-0.0387932059
2021-03-10,1.0000000000,0.3500000000,0.0000000000,0.0637108600,0.0910745922,0.2003720464,0.0103793829,-0.0498948457
2021-03-11,1.0000000000,0.3500000000,0.0000000000,0.0359364464,0.0719275670,0.1952714654,0.0104111738,-0.0581736542
2021-03-12,1.0000000000,0.3500000000,0.0000000000,0.0330700453,0.0787591894,0.1857746789,0.0103690007,-0.0580947467
2021-03-15,1.0000000000,0.3500000000,0.0000000000,0.0233077154,0.0736458979,0.1575794000,0.0103356429,-0.0549764970
2021-03-16,1.0000000000,0.3500000000,0.0000000000,0.0612469725,0.0810024763,0.1765401734,0.0104903574,-0.0369208724
2021-03-17,1.0000000000,0.3500000000,0.0000000000,0.0451915736,0.0601516690,0.1590014429,0.0105765739,-0.0479772601
2021-03-18,1.0000000000,0.3500000000,0.0000000000,0.0463660980,0.0932574061,0.1791813636,0.0103764127,-0.0362560810
2021-03-19,1.0000000000,0.3500000000,0.0000000000,0.0426515049,0.1000452794,0.1882669446,0.0103124231,-0.0382489744
2021-03-22,1.0000000000,0.3500000000,0.0000000000,0.0288844334,0.1026661862,0.1758516186,0.0103017581,-0.0383389602
2021-03-23,1.0000000000,0.3500000000,0.0000000000,0.0436874165,0.1125841963,0.1976661943,0.0103358576,-0.0300707583
2021-03-24,1.0000000000,0.3500000000,0.0000000000,0.0125178774,0.0894916643,0.1805251814,0.0104686455,-0.0426533247
2021-03-25,1.0000000000,0.3500000000,0.0000000000,-0.0101317135,0.0921609793,0.1927732336,0.0104778230,-0.0377814670
2021-03-26,1.0000000000,0.3500000000,0.0000000000,-0.0038202510,0.1121537937,0.1883277132,0.0102503541,-0.0353783969
2021-03-29,1.0000000000,0.3500000000,0.0000000000,0.0074467963,0.1136443645,0.1905818832,0.0102587970,-0.0291957366
2021-03-30,1.0000000000,0.3500000000,0.0000000000,-0.0063797727,0.1093823910,0.1800266113,0.0102334940,-0.0253416206
2021-03-31,1.0000000000,0.3500000000,0.0000000000,0.0038626548,0.1344357099,0.2222537653,0.0108159600,0.0000000000
2021-04-01,1.0000000000,0.3500000000,0.0000000000,0.0024707330,0.1113520176,0.2168434559,0.0107771288,-0.0071528798
2021-04-02,1.0000000000,0.3500000000,0.0000000000,0.0011316435,0.0933384203,0.2234561615,0.0107596270,-0.0129828418
2021-04-05,1.0000000000,0.3500000000,0.0000000000,-0.0029811136,0.0792231430,0.2208176721,0.0107956788,-0.0198699379
2021-04-06,1.0000000000,0.3500000000,0.0000000000,0.0066082574,0.0729358812,0.2072210140,0.0108345505,-0.0259131508
2021-04-07,1.0000000000,0.3500000000,0.0000000000,0.0100418741,0.0863757879,0.1872129324,0.0105649066,-0.0328765524
2021-04-08,1.0000000000,0.3500000000,0.0000000000,0.0369346457,0.0962200180,0.2176111887,0.0106862052,-0.0185938815
2021-04-09,1.0000000000,0.3500000000,0.0000000000,0.0644035092,0.1121265870,0.2255734785,0.0108743069,-0.0013740797
2021-04-12,1.0000000000,0.3500000000,0.0000000000,0.0575570551,0.1009274180,0.1977095867,0.0109186083,-0.0077143112
2021-04-13,1.0000000000,0.3500000000,0.0000000000,0.0440662101,0.1068866733,0.1799016971,0.0108094896,-0.0171293827
2021-04-14,1.0000000000,0.3500000000,0.0000000000,0.0308000402,0.1277680481,0.1604509567,0.0106702695,-0.0110778614
2021-04-15,1.0000000000,0.3500000000,0.0000000000,0.0363825915,0.1063238783,0.1635637035,0.0106208732,-0.0171366674
2021-04-16,1.0000000000,0.3500000000,0.0000000000,0.0320656403,0.1152515129,0.1901639999,0.0106494613,-0.0091802101
2021-04-19,1.0000000000,0.3500000000,0.0000000000,0.0372397045,0.1089018020,0.2190682647,0.0106140566,-0.0062720784
2021-04-20,1.0000000000,0.3500000000,0.0000000000,0.0189873856,0.0883724788,0.1758076248,0.0108912864,-0.0238500614
2021-04-21,1.0000000000,0.3500000000,0.0000000000,0.0295674884,0.1081780197,0.1883051639,0.0111159607,-0.0052348212
2021-04-22,1.0000000000,0.3500000000,0.0000000000,0.0661001588,0.1194498695,0.2147108012,0.0113396503,0.0000000000
2021-04-23,1.0000000000,0.3500000000,0.0000000000,0.0534328471,0.1181428289,0.2017475311,0.0113530495,-0.0068534643
2021-04-26,1.0000000000,0.3500000000,0.0000000000,0.0464451331,0.1116617553,0.2125273434,0.0113781012,-0.0109774246
2021-04-27,1.0000000000,0.3500000000,0.0000000000,0.0438674849,0.1216925363,0.1820111631,0.0113478397,-0.0070901854
2021-04-28,1.0000000000,0.3500000000,0.0000000000,0.0444325395,0.1320919048,0.1849162950,0.0113207772,-0.0026087053
2021-04-29,1.0000000000,0.3500000000,0.0000000000,0.0225685790,0.1452807687,0.1927105201,0.0113285523,0.0000000000
2021-04-30,1.0000000000,0.3500000000,0.0000000000,0.0552951265,0.1697773389,0.2109263185,0.0116747446,0.0000000000
2021-05-03,1.0000000000,0.3500000000,0.0000000000,0.0598051325,0.1740361616,0.2014250699,0.0116445763,-0.0016233667
2021-05-04,1.0000000000,0.3500000000,0.0000000000,0.0575618960,0.1455414034,0.1867349910,0.0116164096,-0.0106881942
2021-05-05,1.0000000000,0.3500000000,0.0000000000,0.0470418641,0.1388094085,0.1782733247,0.0117395035,-0.0265684598
2021-05-06,1.0000000000,0.3500000000,0.0000000000,0.0458580815,0.1313614850,0.1613763226,0.0118029087,-0.0346198683
2021-05-07,1.0000000000,0.3500000000,0.0000000000,0.0307430395,0.1369081747,0.1352880139,0.0117735008,-0.0345209397
2021-05-10,1.0000000000,0.3500000000,0.0000000000,0.0352898980,0.1415669498,0.1413066429,0.0118748279,-0.0132469037
2021-05-11,0.9999990463,0.3500000000,0.0000009537,0.0359542374,0.1318116163,0.1129540584,0.0119158603,-0.0188825818
2021-05-12,0.9999999990,0.3500000000,0.0000000010,0.0492094022,0.1209763832,0.1228259859,0.0118358698,-0.0157572760
2021-05-13,1.0000000000,0.3500000000,0.0000000000,0.0431048516,0.1410872598,0.1360894284,0.0115800153,-0.0154591240
2021-05-14,1.0000000000,0.3500000000,0.0000000000,0.0650269048,0.1536566883,0.1540238469,0.0116870420,-0.0009265925
2021-05-17,1.0000000000,0.3500000000,0.0000000000,0.0890384661,0.1760727834,0.1882058872,0.0121784838,0.0000000000
2021-05-18,1.0000000000,0.3500000000,0.0000000000,0.0794769999,0.1674322880,0.1653465917,0.0122250053,-0.0058704253
2021-05-19,1.0000000000,0.3500000000,0.0000000000,0.0930108670,0.1459347362,0.1825098849,0.0121862680,-0.0112121552
2021-05-20,1.0000000000,0.3500000000,0.0000000000,0.0865324804,0.1675298176,0.1757496134,0.0122178572,0.0000000000
2021-05-21,1.0000000000,0.3500000000,0.0000000000,0.0723212594,0.1575123257,0.1876163170,0.0120952938,0.0000000000
2021-05-24,1.0000000000,0.3500000000,0.0000000000,0.1041880960,0.1514029221,0.2201686004,0.0119275540,0.0000000000
2021-05-25,1.0000000000,0.3500000000,0.0000000000,0.1171161225,0.1645348533,0.2438130923,0.0119187407,0.0000000000
2021-05-26,1.0000000000,0.3500000000,0.0000000000,0.1085013918,0.1657454606,0.2635321006,0.0119091790,-0.0038115051
2021-05-27,1.0000000000,0.3500000000,0.0000000000,0.1118940299,0.1538894860,0.2600428191,0.0117633099,0.0000000000
2021-05-28,1.0000000000,0.3500000000,0.0000000000,0.1178503352,0.1474939469,0.2756768096,0.0116517423,0.0000000000
2021-05-31,1.0000000000,0.3500000000,0.0000000000,0.1022746679,0.1660991037,0.3084750311,0.0116496274,0.0000000000
2021-06-01,1.0000000000,0.3500000000,0.0000000000,0.1113397810,0.1791364577,0.3372071937,0.0116253446,0.0000000000
2021-06-02,1.0000000000,0.3500000000,0.0000000000,0.1364390818,0.1982718048,0.3597914483,0.0116790075,0.0000000000
2021-06-03,1.0000000000,0.3500000000,0.0000000000,0.1717622288,0.2349916744,0.3518011976,0.0115224768,0.0000000000
2021-06-04,1.0000000000,0.3500000000,0.0000000000,0.2017224899,0.2694521182,0.3785028660,0.0115086001,0.0000000000
2021-06-07,1.0000000000,0.3500000000,0.0000000000,0.2115540267,0.2949248981,0.4147343064,0.0113504876,0.0000000000
2021-06-08,1.0000000000,0.3500000000,0.0000000000,0.1836487933,0.3043409635,0.4160723848,0.0112544079,-0.0015054170
2021-06-09,1.0000000000,0.3500000000,0.0000000000,0.1931389242,0.3071799927,0.4232196441,0.0112446288,0.0000000000
2021-06-10,1.0000000000,0.3500000000,0.0000000000,0.2071645186,0.3223812307,0.4920783355,0.0113234941,0.0000000000
2021-06-11,1.0000000000,0.3500000000,0.0000000000,0.1955718229,0.2855177076,0.4784212280,0.0112984238,-0.0093032281
2021-06-14,1.0000000000,0.3500000000,0.0000000000,0.1839824809,0.3068506697,0.4890831189,0.0111222270,-0.0044249582
2021-06-15,1.0000000000,0.3500000000,0.0000000000,0.1437325134,0.2855086600,0.4697849145,0.0111255910,-0.0086263503
2021-06-16,1.0000000000,0.3500000000,0.0000000000,0.1514584471,0.2892608538,0.4383932825,0.0111057702,-0.0077887012
2021-06-17,1.0000000000,0.3500000000,0.0000000000,0.1760182542,0.3098071310,0.4409787139,0.0111898342,0.0000000000
2021-06-18,1.0000000000,0.3500000000,0.0000000000,0.1641345035,0.3022689772,0.4489544518,0.0111782203,0.0000000000
2021-06-21,1.0000000000,0.3500000000,0.0000000000,0.1553338566,0.3207798194,0.4692610165,0.0109670858,0.0000000000
2021-06-22,1.0000000000,0.3500000000,0.0000000000,0.1118631089,0.2933058367,0.4020238886,0.0112608961,-0.0158182737
2021-06-23,1.0000000000,0.3500000000,0.0000000000,0.1140127743,0.3022817458,0.4135687881,0.0112785023,-0.0065127934
2021-06-24,1.0000000000,0.3500000000,0.0000000000,0.1274961695,0.3046580190,0.4242746011,0.0112865084,0.0000000000
2021-06-25,1.0000000000,0.3500000000,0.0000000000,0.1486131412,0.3338824943,0.4616518873,0.0116266598,0.0000000000
2021-06-28,1.0000000000,0.3500000000,0.0000000000,0.1293551121,0.2909416929,0.4528045939,0.0112051003,-0.0031933388
2021-06-29,1.0000000000,0.3500000000,0.0000000000,0.1212891543,0.3043116719,0.4591497340,0.0111127101,-0.0000735294
2021-06-30,1.0000000000,0.3500000000,0.0000000000,0.1178418270,0.3165981324,0.4736536893,0.0110370128,0.0000000000
2021-07-01,1.0000000000,0.3500000000,0.0000000000,0.1246035318,0.3516100067,0.5114488215,0.0110978669,0.0000000000
2021-07-02,1.0000000000,0.3500000000,0.0000000000,0.1077820108,0.3591201446,0.5103145896,0.0110310316,-0.0006435464
2021-07-05,1.0000000000,0.3500000000,0.0000000000,0.0933639268,0.3741738719,0.5253107145,0.0109231062,0.0000000000
2021-07-06,1.0000000000,0.3500000000,0.0000000000,0.0928328401,0.3647306124,0.5496815089,0.0108588657,0.0000000000
2021-07-07,1.0000000000,0.3500000000,0.0000000000,0.0974786104,0.3448718420,0.5511698849,0.0107426824,0.0000000000
2021-07-08,1.0000000000,0.3500000000,0.0000000000,0.0896846314,0.3468908762,0.5475969624,0.0107193964,-0.0048572034
2021-07-09,1.0000000000,0.3500000000,0.0000000000,0.0766413858,0.3636399176,0.5237135276,0.0105659216,-0.0020418649
2021-07-12,1.0000000000,0.3500000000,0.0000000000,0.1012963138,0.3734340875,0.5940175717,0.0106178963,0.0000000000
2021-07-13,1.0000000000,0.3500000000,0.0000000000,0.0829484672,0.3655689908,0.5540471188,0.0107385252,-0.0118181836
2021-07-14,1.0000000000,0.3500000000,0.0000000000,0.0898170326,0.3574419868,0.5336050037,0.0107373646,-0.0097473141
2021-07-15,1.0000000000,0.3500000000,0.0000000000,0.0802931175,0.3427750798,0.5595091999,0.0108558041,-0.0175717460
2021-07-16,1.0000000000,0.3500000000,0.0000000000,0.0792287533,0.3872414290,0.5883908557,0.0105404896,-0.0029919610
2021-07-19,1.0000000000,0.3500000000,0.0000000000,0.0570893124,0.3370805053,0.5663505614,0.0107815967,-0.0207170120
2021-07-20,1.0000000000,0.3500000000,0.0000000000,0.0494184077,0.3001129805,0.5825666150,0.0106340031,-0.0267954824
2021-07-21,1.0000000000,0.3500000000,0.0000000000,0.0716449267,0.3156649162,0.6046970263,0.0105392038,-0.0219036285
2021-07-22,1.0000000000,0.3500000000,0.0000000000,0.0820818495,0.3466309849,0.6568985649,0.0106449367,-0.0030397799
2021-07-23,1.0000000000,0.3500000000,0.0000000000,0.0729220132,0.3409712713,0.6215130077,0.0106636926,-0.0033279045
2021-07-26,1.0000000000,0.3500000000,0.0000000000,0.0388239431,0.3267195534,0.5928395587,0.0107515487,-0.0094697910
2021-07-27,1.0000000000,0.3500000000,0.0000000000,0.0661983798,0.3460221345,0.6043107655,0.0109924426,0.0000000000
2021-07-28,1.0000000000,0.3500000000,0.0000000000,0.0449345977,0.2915063834,0.5629197037,0.0110279737,-0.0168761668
2021-07-29,1.0000000000,0.3500000000,0.0000000000,0.0143430651,0.2601205111,0.5425911656,0.0116387947,-0.0423249874
2021-07-30,1.0000000000,0.3500000000,0.0000000000,0.0007619013,0.2790171480,0.5605498151,0.0115247548,-0.0367894597
2021-08-02,1.0000000000,0.3500000000,0.0000000000,-0.0041260676,0.2927012466,0.5421012902,0.0113038419,-0.0421108615
2021-08-03,1.0000000000,0.3500000000,0.0000000000,-0.0196051728,0.2881603913,0.5458723138,0.0113738677,-0.0533706508
