date,exposure_suggested,spy_ret_1d,overlay_ret_1d,overlay_equity
2021-01-04,0.7914153018,-0.0135985433,0.0000000000,1.0000000000
2021-01-05,0.7850210295,0.0068944464,0.0054563704,1.0054563704
2021-01-06,0.7976932076,0.0059634471,0.0046814314,1.0101633454
2021-01-07,0.7923599225,0.0148643077,0.0118571573,1.0221410111
2021-01-08,0.7899201114,0.0056787778,0.0044996360,1.0267402736
2021-01-11,0.7786375690,-0.0067108672,-0.0053010490,1.0212974731
2021-01-12,0.7689983591,0.0002075381,0.0001615970,1.0214625117
2021-01-13,0.7739695995,0.0026834158,0.0020635424,1.0235703428
2021-01-14,0.7744309746,-0.0035011969,-0.0027098200,1.0207966515
2021-01-15,0.7743142256,-0.0072823708,-0.0056396935,1.0150396713
2021-01-19,0.7800586275,0.0078502876,0.0060785894,1.0212096806
2021-01-20,0.7957363712,0.0137971850,0.0107626132,1.0322005654
2021-01-21,0.7929042323,0.0009240789,0.0007353232,1.0329595665
2021-01-22,0.7911626275,-0.0035187617,-0.0027900410,1.0300775669
2021-01-25,0.7894951131,0.0039334040,0.0031119622,1.0332831294
2021-01-26,0.7862052998,-0.0015638815,-0.0012346768,1.0320073586
2021-01-27,0.7841099873,-0.0244165002,-0.0191963818,1.0121965513
2021-01-28,0.7931140788,0.0086063353,0.0067483135,1.0190271710
2021-01-29,0.7980018532,-0.0200554048,-0.0159062239,1.0028182966
2021-02-01,0.8020631880,0.0166430371,0.0132811745,1.0161369014
2021-02-02,0.8171591911,0.0141601714,0.0113573522,1.0276775261
2021-02-03,0.8091382830,0.0007988888,0.0006528193,1.0283484139
2021-02-04,0.8061926004,0.0113702105,0.0092000726,1.0378092939
2021-02-05,0.7951960744,0.0039106330,0.0031527234,1.0410812195
2021-02-08,0.7885078582,0.0072182684,0.0057399387,1.0470569619
2021-02-09,0.7897953335,-0.0006744977,-0.0005318468,1.0465000880
2021-02-10,0.7804734037,-0.0004517830,-0.0003568161,1.0461266799
2021-02-11,0.7824698848,0.0016473029,0.0012856761,1.0474716600
2021-02-12,0.7802109995,0.0049419363,0.0038669163,1.0515221453
2021-02-16,0.7841618122,-0.0008791149,-0.0006858951,1.0508009113
2021-02-17,0.7739098355,0.0002382467,0.0001868240,1.0509972262
2021-02-18,0.7656367521,-0.0042549391,-0.0032929392,1.0475363562
2021-02-19,0.7705979072,-0.0017886219,-0.0013694346,1.0461018236
2021-02-22,0.7723157820,-0.0076983195,-0.0059323089,1.0398960244
2021-02-23,0.7682493188,0.0012376645,0.0009558678,1.0408900276
2021-02-24,0.7787417212,0.0110484669,0.0084879772,1.0497250784
2021-02-25,0.7618054864,-0.0241082417,-0.0187740937,1.0300174414
2021-02-26,0.7397696014,-0.0051529925,-0.0039255779,1.0259740277
2021-03-01,0.7599631540,0.0242342166,0.0179277368,1.0443674200
2021-03-02,0.7506286034,-0.0077996996,-0.0059274843,1.0381769485
2021-03-03,0.7481752890,-0.0132518931,-0.0099472500,1.0278499428
2021-03-04,0.7392625477,-0.0123689523,-0.0092541445,1.0183380710
2021-03-05,0.7492753811,0.0183797927,0.0135874923,1.0321747317
2021-03-08,0.7482934520,-0.0049501387,-0.0037090171,1.0283463780
2021-03-09,0.7491344243,0.0142426283,0.0106576655,1.0393061497
2021-03-10,0.7588261028,0.0062436048,0.0046772993,1.0441672957
2021-03-11,0.7601111376,0.0101278867,0.0076853048,1.0521920396
2021-03-12,0.7596941281,0.0013683324,0.0010400847,1.0532864084
2021-03-15,0.7668965866,0.0059348141,0.0045086434,1.0580353013
2021-03-16,0.7611711993,-0.0012297948,-0.0009431254,1.0570374413
2021-03-17,0.7681776221,0.0034095726,0.0025952684,1.0597807372
2021-03-18,0.7480069309,-0.0145597455,-0.0111844707,1.0479276506
2021-03-19,0.7449906795,-0.0018421103,-0.0013779112,1.0464836993
2021-03-22,0.7433558725,0.0079881496,0.0059510970,1.0527114253
2021-03-23,0.7372246781,-0.0078763088,-0.0058549004,1.0465479048
2021-03-24,0.7423679232,-0.0050959673,-0.0037568728,1.0426161574
2021-03-25,0.7506836175,0.0056493008,0.0041938597,1.0469887433
2021-03-26,0.7583706247,0.0160920977,0.0120800741,1.0596364449
2021-03-29,0.7525782401,-0.0004838861,-0.0003669650,1.0592475954
2021-03-30,0.7533901259,-0.0026613244,-0.0020028548,1.0571260762
2021-03-31,0.7539907532,0.0040549347,0.0030549478,1.0603555412
2021-04-01,0.7504976956,0.0107828447,0.0081301652,1.0689764069
2021-04-05,0.7503643105,0.0143435475,0.0107647994,1.0804837234
2021-04-06,0.7615334720,-0.0005705264,-0.0004281027,1.0800211654
2021-04-07,0.7604257214,0.0011469175,0.0008734161,1.0809644733
2021-04-08,0.7617806358,0.0047334258,0.0035994188,1.0848553171
2021-04-09,0.7579565201,0.0072662253,0.0055352697,1.0908602839
2021-04-12,0.7579264878,0.0003704666,0.0002807976,1.0911665948
2021-04-13,0.7625454166,0.0029806374,0.0022591041,1.0936316537
2021-04-14,0.7633985657,-0.0034410080,-0.0026239249,1.0907620464
2021-04-15,0.7649312192,0.0107626203,0.0082161689,1.0997239316
2021-04-16,0.7690969233,0.0033626665,0.0025722086,1.1025526509
2021-04-19,0.7682174225,-0.0049294202,-0.0037912019,1.0983726512
2021-04-20,0.7575424381,-0.0073224024,-0.0056251971,1.0921940885
2021-04-21,0.7549833654,0.0094645164,0.0071697728,1.1000248720
2021-04-22,0.7482255361,-0.0091264369,-0.0068903080,1.0924453618
2021-04-23,0.7561340327,0.0108307421,0.0081038378,1.1012983618
2021-04-26,0.7569760392,0.0020982307,0.0015865437,1.1030456197
2021-04-27,0.7625686926,-0.0002230723,-0.0001688604,1.1028593590
2021-04-28,0.7747328806,-0.0002941154,-0.0002242832,1.1026120062
2021-04-29,0.7723536789,0.0063862111,0.0049476077,1.1080672979
2021-04-30,0.7795413105,-0.0065598972,-0.0050665607,1.1024532076
2021-05-03,0.7713128654,0.0021384975,0.0016670472,1.1042910491
2021-05-04,0.7621254141,-0.0061587920,-0.0047503555,1.0990452740
2021-05-05,0.7622028496,0.0002954571,0.0002251754,1.0992927519
2021-05-06,0.7600430423,0.0079928093,0.0060921420,1.1059897995
2021-05-07,0.7625972870,0.0072776968,0.0055313628,1.1121074303
2021-05-10,0.7549162967,-0.0099085136,-0.0075562056,1.1037041179
2021-05-11,0.7500935163,-0.0089007769,-0.0067193415,1.0962879530
2021-05-12,0.7379650101,-0.0212787164,-0.0159610272,1.0787900712
2021-05-13,0.7432308786,0.0120431276,0.0088874067,1.0883777173
2021-05-14,0.7538727576,0.0153366239,0.0113986525,1.1007837567
2021-05-17,0.7538959726,-0.0025259648,-0.0019042561,1.0986875825
2021-05-18,0.7490390288,-0.0086314293,-0.0065071998,1.0915382029
2021-05-19,0.7475754409,-0.0026109459,-0.0019557004,1.0894034812
2021-05-20,0.7588963783,0.0107493913,0.0080359809,1.0981579068
2021-05-21,0.7602332667,-0.0008259259,-0.0006267922,1.0974695900
2021-05-24,0.7687180421,0.0102024936,0.0077562750,1.1059818660
2021-05-25,0.7616606533,-0.0022199100,-0.0017064849,1.1040945247
2021-05-26,0.7758787337,0.0019843932,0.0015114342,1.1057632909
2021-05-27,0.7789250718,0.0005380595,0.0004174689,1.1062249127
2021-05-28,0.7657554151,0.0017849929,0.0013903757,1.1077629810
2021-06-01,0.7682479640,-0.0008921663,-0.0006831812,1.1070061782
2021-06-02,0.7772164051,0.0015942164,0.0012247535,1.1083619879
2021-06-03,0.7808518167,-0.0037122386,-0.0028852127,1.1051641278
2021-06-04,0.7744803590,0.0091230589,0.0071237571,1.1130370486
2021-06-07,0.7796860019,-0.0009669339,-0.0007488713,1.1122035271
2021-06-08,0.7730838160,0.0001980873,0.0001544459,1.1123753024
2021-06-09,0.7657515222,-0.0014640518,-0.0011318347,1.1111162774
2021-06-10,0.7591683352,0.0046371034,0.0035508690,1.1150617057
2021-06-11,0.7503959235,0.0016743470,0.0012711112,1.1164790732
2021-06-14,0.7509890465,0.0021929715,0.0016455969,1.1183163477
2021-06-15,0.7548576781,-0.0018072964,-0.0013572598,1.1167985018
2021-06-16,0.7497386943,-0.0055888214,-0.0042187647,1.1120869917
2021-06-17,0.7550868191,-0.0003335524,-0.0002500771,1.1118088842
2021-06-18,0.7477885048,-0.0134770010,-0.0101763058,1.1004947770
2021-06-21,0.7549126015,0.0143172114,0.0107062461,1.1122769449
2021-06-22,0.7629645043,0.0053527151,0.0040408321,1.1167714693
2021-06-23,0.7677585750,-0.0011945197,-0.0009113761,1.1157536704
2021-06-24,0.7653229672,0.0059023417,0.0045315735,1.1208097902
2021-06-25,0.7568636813,0.0035370070,0.0027069527,1.1238437693
2021-06-28,0.7566114991,0.0020133166,0.0015238062,1.1255562894
2021-06-29,0.7595634347,0.0005430463,0.0004108751,1.1260187524
2021-06-30,0.7577958890,0.0008511331,0.0006464896,1.1267467118
2021-07-01,0.7533940063,0.0055214981,0.0041841686,1.1314612100
2021-07-02,0.7457219066,0.0076484273,0.0057622793,1.1379810054
2021-07-06,0.7480506307,-0.0018148776,-0.0013533940,1.1364408688
2021-07-07,0.7482828821,0.0035413026,0.0026490736,1.1394513843
2021-07-08,0.7408274388,-0.0081553549,-0.0061025125,1.1324978681
2021-07-09,0.7419879149,0.0106881556,0.0079180789,1.1414650756
2021-07-12,0.7446391977,0.0035734965,0.0026514912,1.1444916602
2021-07-13,0.7405916013,-0.0033990286,-0.0025310499,1.1415948947
2021-07-14,0.7448613855,0.0014630791,0.0010835441,1.1428318631
2021-07-15,0.7356393371,-0.0033862884,-0.0025223155,1.1399492806
2021-07-16,0.7270230031,-0.0078489049,-0.0057739632,1.1333672553
2021-07-19,0.7213869007,-0.0147701310,-0.0107382250,1.1211969028
2021-07-20,0.7328578689,0.0143261496,0.0103346966,1.1327841326
2021-07-21,0.7359570690,0.0081071158,0.0059413636,1.1395144150
2021-07-22,0.7442373144,0.0020881794,0.0015368104,1.1412656327
2021-07-23,0.7409865513,0.0102761799,0.0076479165,1.1499939370
2021-07-26,0.7416085066,0.0024535728,0.0018180644,1.1520847000
2021-07-27,0.7402259797,-0.0045290765,-0.0033588017,1.1482150760
2021-07-28,0.7403039689,-0.0004181958,-0.0003095594,1.1478596352
2021-07-29,0.7397583976,0.0041452372,0.0030687355,1.1513821129
2021-07-30,0.7405915330,-0.0048632379,-0.0035976211,1.1472398763
2021-08-02,0.7397553415,-0.0020885869,-0.0015467898,1.1454653374
2021-08-03,0.7509732396,0.0081234749,0.0060093839,1.1523488784
2021-08-04,0.7475288709,-0.0049032153,-0.0036821835,1.1481057184
2021-08-05,0.7473699369,0.0063310764,0.0047326624,1.1535393151
2021-08-06,0.7415261450,0.0016217753,0.0012120661,1.1549374810
2021-08-09,0.7493158825,-0.0007797671,-0.0005782177,1.1542696757
2021-08-10,0.7559632513,0.0012099401,0.0009066274,1.1553161682
2021-08-11,0.7661167276,0.0024908470,0.0018829888,1.1574916156
2021-08-12,0.7603105695,0.0030243877,0.0023170340,1.1601735631
2021-08-13,0.7495723541,0.0017920935,0.0013625476,1.1617543548
2021-08-16,0.7498509780,0.0023544222,0.0017648098,1.1638046302
2021-08-17,0.7471690934,-0.0065509296,-0.0049122210,1.1580877647
2021-08-18,0.7460723112,-0.0109213006,-0.0081600582,1.1486377010
2021-08-19,0.7416745267,0.0015183803,0.0011328215,1.1499389025
2021-08-20,0.7483021760,0.0079690068,0.0059104093,1.1567355121
2021-08-23,0.7500903145,0.0087937038,0.0065803477,1.1643472340
2021-08-24,0.7530195210,0.0015995017,0.0011997708,1.1657441837
2021-08-25,0.7515265939,0.0020774449,0.0015643566,1.1675678233
2021-08-26,0.7480204573,-0.0058926951,-0.0044285171,1.1623972292
2021-08-27,0.7531698949,0.0089375436,0.0066854654,1.1701683957
2021-08-30,0.7542642212,0.0043940335,0.0033094537,1.1740410139
2021-08-31,0.7516807915,-0.0014512704,-0.0010946414,1.1727558600
2021-09-01,0.7566446530,0.0005397600,0.0004057272,1.1732316790
2021-09-02,0.7515133290,0.0030406423,0.0023006858,1.1759309164
2021-09-03,0.7517464896,-0.0002444697,-0.0001837223,1.1757148717
2021-09-07,0.7494147160,-0.0035445137,-0.0026645757,1.1725820904
2021-09-08,0.7478689949,-0.0012316710,-0.0009230324,1.1714997592
2021-09-09,0.7436039392,-0.0043032945,-0.0032183005,1.1677295209
2021-09-10,0.7375038733,-0.0078517913,-0.0058386229,1.1609115885
2021-09-13,0.7385781337,0.0025179609,0.0018570059,1.1630674082
2021-09-14,0.7374784065,-0.0053800534,-0.0039735898,1.1584458554
2021-09-15,0.7473233678,0.0083667298,0.0061702825,1.1655937937
2021-09-16,0.7446880007,-0.0015996231,-0.0011954357,1.1642004012
2021-09-17,0.7430437355,-0.0097358163,-0.0072501456,1.1557597789
2021-09-20,0.7234349671,-0.0166702409,-0.0123867181,1.1414437083
2021-09-21,0.7207220242,-0.0009256701,-0.0006696621,1.1406793267
2021-09-22,0.7311089339,0.0097236910,0.0070080782,1.1486732966
2021-09-23,0.7350643743,0.0121666775,0.0088951666,1.1588909370
2021-09-24,0.7345806326,0.0016588904,0.0012193912,1.1603040784
2021-09-27,0.7308779464,-0.0028834421,-0.0021181207,1.1578464143
2021-09-28,0.7224159022,-0.0201284074,-0.0147114091,1.1408128620
2021-09-29,0.7237980348,0.0016732262,0.0012087652,1.1421918369
2021-09-30,0.7128499975,-0.0122377241,-0.0088576407,1.1320747120
2021-10-01,0.7168238048,0.0118918071,0.0084770747,1.1416713939
2021-10-04,0.7103657870,-0.0129073981,-0.0092523302,1.1311082732
2021-10-05,0.7163991964,0.0104236446,0.0074046005,1.1394836781
2021-10-06,0.7223189726,0.0041356734,0.0029627931,1.1428597324
2021-10-07,0.7218354189,0.0086605109,0.0062556513,1.1500090644
2021-10-08,0.7177355495,-0.0018366354,-0.0013257485,1.1484844417
2021-10-11,0.7136948309,-0.0072399538,-0.0051963722,1.1425164891
2021-10-12,0.7126752862,-0.0024293046,-0.0017337821,1.1405356144
2021-10-13,0.7154345932,0.0035727886,0.0025462381,1.1434396897
2021-10-14,0.7340530889,0.0168166746,0.0120312307,1.1571966764
2021-10-15,0.7468210572,0.0076203787,0.0055937625,1.1636697598
2021-10-18,0.7367316649,0.0029816947,0.0022267924,1.1662610107
2021-10-19,0.7315549822,0.0077213630,0.0056885726,1.1728953712
2021-10-20,0.7322975773,0.0039046181,0.0028564428,1.1762456797
2021-10-21,0.7287308126,0.0026270517,0.0019237836,1.1785085218
2021-10-22,0.7299774540,-0.0010434299,-0.0007603795,1.1776124081
2021-10-25,0.7354081027,0.0053502623,0.0039055708,1.1822116568
2021-10-26,0.7341905896,0.0009073593,0.0006672794,1.1830005223
2021-10-27,0.7231290062,-0.0044542556,-0.0032702726,1.1791317881
2021-10-28,0.7294731947,0.0096689659,0.0069919097,1.1873761711
2021-10-29,0.7286441441,0.0020401138,0.0014882083,1.1891432343
2021-11-01,0.7263703750,0.0017153366,0.0012498700,1.1906295086
2021-11-02,0.7277400445,0.0040466577,0.0029393723,1.1941292120
2021-11-03,0.7294117292,0.0061001712,0.0044393389,1.1994303563
2021-11-04,0.7322591678,0.0047007222,0.0034287619,1.2035429174
2021-11-05,0.7372248630,0.0034668096,0.0025386031,1.2065982352
2021-11-08,0.7362230448,0.0008642693,0.0006371608,1.2073670324
2021-11-09,0.7312576818,-0.0033060595,-0.0024339972,1.2044283044
2021-11-10,0.7236138202,-0.0080382741,-0.0058780497,1.1973486150
2021-11-11,0.7240501728,0.0003085285,0.0002232555,1.1976159297
2021-11-12,0.7317124812,0.0075520822,0.0054680864,1.2041645971
2021-11-15,0.7385611277,0.0003466376,0.0002536391,1.2044700203
2021-11-16,0.7484983586,0.0039602000,0.0029248498,1.2079929141
2021-11-17,0.7477169308,-0.0024451905,-0.0018302211,1.2057820200
2021-11-18,0.7448598508,0.0034195254,0.0025568371,1.2088650082
2021-11-19,0.7388857820,-0.0018002163,-0.0013409088,1.2072440304
2021-11-22,0.7354702408,-0.0028151069,-0.0020800425,1.2047329115
2021-11-23,0.7367238247,0.0013136762,0.0009661697,1.2058968880
2021-11-24,0.7430141954,0.0026957932,0.0019860551,1.2082918657
2021-11-26,0.7236053301,-0.0223059654,-0.0165736490,1.1882660605
2021-11-29,0.7320855684,0.0122621923,0.0088729877,1.1988095306
2021-11-30,0.7220924786,-0.0194642465,-0.0142494940,1.1817271014
2021-12-01,0.7159636375,-0.0110912302,-0.0080088939,1.1722627744
2021-12-02,0.7261293258,0.0152895775,0.0109467815,1.1850952789
2021-12-03,0.7224220709,-0.0086713576,-0.0062965271,1.1776332944
2021-12-06,0.7343747503,0.0118276352,0.0085445447,1.1876956348
2021-12-07,0.7505548455,0.0206690386,0.0151788201,1.2057234531
2021-12-08,0.7550930622,0.0026615816,0.0019976630,1.2081320822
2021-12-09,0.7542020476,-0.0067404555,-0.0050896712,1.2019830871
2021-12-10,0.7562252737,0.0093843031,0.0070776606,1.2104903155
2021-12-13,0.7540434403,-0.0088323156,-0.0066792203,1.2024051840
2021-12-14,0.7462268306,-0.0068867108,-0.0051928791,1.1961612393
2021-12-15,0.7585416100,0.0156212760,0.0116570153,1.2101049091
2021-12-16,0.7597042501,-0.0088124532,-0.0066846124,1.2020158268
2021-12-17,0.7620034351,-0.0106405527,-0.0080836731,1.1922991238
2021-12-20,0.7568755893,-0.0106205259,-0.0080928772,1.1826499934
2021-12-21,0.7623397019,0.0177488350,0.0134336599,1.1985373112
2021-12-22,0.7605606327,0.0100086461,0.0076299883,1.2076821368
2021-12-23,0.7628762642,0.0062186267,0.0047296427,1.2133940418
2021-12-27,0.7702059153,0.0141532020,0.0107971419,1.2264952295
2021-12-28,0.7752788173,-0.0008169181,-0.0006291952,1.2257235246
2021-12-29,0.7776884674,0.0012791265,0.0009916797,1.2269390497
2021-12-30,0.7781374813,-0.0027700953,-0.0021542711,1.2242958903
2021-12-31,0.7667895624,-0.0025290655,-0.0019679607,1.2218865241
2022-01-03,0.7802566906,0.0058124011,0.0044568885,1.2273323361
2022-01-04,0.7719104197,-0.0003422531,-0.0002670453,1.2270045828
2022-01-05,0.7619027903,-0.0191968783,-0.0148182704,1.2088224972
2022-01-06,0.7615197038,-0.0009442828,-0.0007194517,1.2079528077
2022-01-07,0.7610642700,-0.0039598816,-0.0030155278,1.2043101924
2022-01-10,0.7624872531,-0.0012502530,-0.0009515229,1.2031642637
2022-01-11,0.7719272183,0.0091117045,0.0069475585,1.2115233179
2022-01-12,0.7695831333,0.0027130685,0.0020942914,1.2140606007
2022-01-13,0.7489283175,-0.0137800751,-0.0106049134,1.2011855933
2022-01-14,0.7478334642,0.0004173962,0.0003125998,1.2015610837
2022-01-18,0.7339442006,-0.0177217873,-0.0132529456,1.1856368600
2022-01-19,0.7206097440,-0.0103753636,-0.0076149380,1.1766083088
2022-01-20,0.7085642567,-0.0110827038,-0.0079863044,1.1672115567
2022-01-21,0.6996549251,-0.0196244032,-0.0139051507,1.1509813042
2022-01-24,0.7058970395,0.0042379574,0.0029651077,1.1543940877
2022-01-25,0.6963733834,-0.0122027065,-0.0086138544,1.1444503052
2022-01-26,0.6964192460,-0.0025208665,-0.0017554643,1.1424412635
2022-01-27,0.6961672839,-0.0049311358,-0.0034341379,1.1385179627
2022-01-28,0.7076200936,0.0248507738,0.0173002957,1.1582146601
2022-01-31,0.7192864305,0.0179946452,0.0127333725,1.1729626389
2022-02-01,0.7228332057,0.0067556707,0.0048592623,1.1786623719
2022-02-02,0.7283641561,0.0097253621,0.0070298146,1.1869481499
2022-02-03,0.7113782641,-0.0235120494,-0.0171253340,1.1666212664
2022-02-04,0.7068848180,0.0047170697,0.0033556208,1.1705360051
2022-02-07,0.7027456584,-0.0032187087,-0.0022752563,1.1678727357
2022-02-08,0.7067479162,0.0082321017,0.0057850737,1.1746289655
2022-02-09,0.7185462168,0.0146331146,0.0103419233,1.1867768882
2022-02-10,0.7149088556,-0.0179749080,-0.0129158021,1.1714487127
2022-02-11,0.7038831147,-0.0197128102,-0.0140928626,1.1549396470
2022-02-14,0.6933643798,-0.0032575460,-0.0022929316,1.1522914494
2022-02-15,0.7045451067,0.0161070076,0.0111680254,1.1651602695
2022-02-16,0.6978893826,0.0011253827,0.0007928829,1.1660841051
2022-02-17,0.6837736562,-0.0213605813,-0.0149073229,1.1487009128
2022-02-18,0.6740066274,-0.0064770629,-0.0044288450,1.1436134946
2022-02-22,0.6629306009,-0.0107142254,-0.0072214589,1.1353549367
2022-02-23,0.6556510924,-0.0177495303,-0.0117667068,1.1219955480
2022-02-24,0.6606334002,0.0150498640,0.0098674598,1.1330667940
2022-02-25,0.6736976968,0.0220651211,0.0145769560,1.1495834588
2022-02-28,0.6847362510,-0.0025690077,-0.0017307345,1.1475938350
2022-03-01,0.6736629037,-0.0152305100,-0.0104288823,1.1356257139
2022-03-02,0.7019305228,0.0184081530,0.0124008898,1.1497084833
2022-03-03,0.7064731731,-0.0049712186,-0.0034894501,1.1456966329
2022-03-04,0.6946687371,-0.0081279106,-0.0057421508,1.1391178701
2022-03-07,0.6764257514,-0.0294774572,-0.0204770680,1.1157920760
2022-03-08,0.6657428274,-0.0075788243,-0.0051265119,1.1100719547
2022-03-09,0.6705337645,0.0267976967,0.0178403743,1.1298760539
2022-03-10,0.6686721470,-0.0045095193,-0.0030237849,1.1264595517
2022-03-11,0.6687867136,-0.0127079921,-0.0084974803,1.1168874838
2022-03-14,0.6534500986,-0.0073352195,-0.0049056974,1.1114083718
2022-03-15,0.6689945641,0.0220174632,0.0143873135,1.1273985525
2022-03-16,0.6881258481,0.0221677905,0.0148301314,1.1441180211
2022-03-17,0.6899278898,0.0125084207,0.0086073676,1.1539658655
2022-03-18,0.7027886012,0.0109614366,0.0075626008,1.1626928487
2022-03-21,0.7034481325,-0.0002938052,-0.0002064829,1.1624527725
2022-03-22,0.7154290460,0.0117086383,0.0082364197,1.1720272214
2022-03-23,0.6924359044,-0.0128815009,-0.0092157999,1.1612260531
2022-03-24,0.6912384239,0.0150695445,0.0104346937,1.1733430913
2022-03-25,0.6956079652,0.0048844410,0.0033763133,1.1773046651
2022-03-28,0.6972209033,0.0071133309,0.0049480896,1.1831300742
2022-03-29,0.7051940932,0.0123684265,0.0086235255,1.1933328265
2022-03-30,0.6962821599,-0.0061754386,-0.0043548828,1.1881360019
2022-03-31,0.6944165549,-0.0153864727,-0.0107133264,1.1754071131
2022-04-01,0.6971088976,0.0028269565,0.0019630854,1.1777145376
2022-04-04,0.6967341099,0.0085699983,0.0059742221,1.1847504658
2022-04-05,0.6803602357,-0.0126302596,-0.0087999327,1.1743247415
2022-04-06,0.6834056374,-0.0099957839,-0.0068007339,1.1663384714
2022-04-07,0.6954527719,0.0050331448,0.0034396795,1.1703503020
2022-04-08,0.6949121673,-0.0026704352,-0.0018571616,1.1681767723
2022-04-11,0.6817629902,-0.0170879915,-0.0118746532,1.1543050783
2022-04-12,0.6710243243,-0.0037121394,-0.0025307992,1.1513837639
2022-04-13,0.6839948549,0.0114544397,0.0076862077,1.1602335386
2022-04-14,0.6908927437,-0.0124536582,-0.0085182381,1.1503503930
2022-04-18,0.6940942382,0.0004104924,0.0002836062,1.1506766395
2022-04-19,0.7178057091,0.0161481556,0.0112083417,1.1635738165
2022-04-20,0.7237455835,-0.0007442188,-0.0005342045,1.1629522301
2022-04-21,0.7237540338,-0.0149541976,-0.0108230345,1.1503655580
2022-04-22,0.7162404741,-0.0274382972,-0.0198585783,1.1275209335
2022-04-25,0.7212089263,0.0057974711,0.0041523834,1.1322028328
2022-04-26,0.7128424946,-0.0289592517,-0.0208856709,1.1085560171
2022-04-27,0.7178528443,0.0028097858,0.0020029347,1.1107763824
2022-04-28,0.7410417966,0.0252597842,0.0181328079,1.1309178772
2022-04-29,0.7026786512,-0.0369537291,-0.0273842578,1.0999485305
2022-05-02,0.6912458990,0.0060178481,0.0042286134,1.1045997876
2022-05-03,0.6904566485,0.0045853290,0.0031695898,1.1081009159
2022-05-04,0.7079371604,0.0304552606,0.0210280372,1.1314021031
2022-05-05,0.6980793449,-0.0355431310,-0.0251623032,1.1029334203
2022-05-06,0.6892052786,-0.0059763672,-0.0041719785,1.0983320058
2022-05-09,0.6735776670,-0.0320097132,-0.0220612633,1.0741014142
2022-05-10,0.6688271575,0.0023065357,0.0015536309,1.0757701714
2022-05-11,0.6442809483,-0.0158860644,-0.0106250313,1.0643400797
2022-05-12,0.6535841727,-0.0010454853,-0.0006735862,1.0636231549
2022-05-13,0.6849992761,0.0239115441,0.0156282067,1.0802456775
2022-05-16,0.6811191479,-0.0040599447,-0.0027810591,1.0772414503
2022-05-17,0.6843873511,0.0205705004,0.0140109617,1.0923346390
2022-05-18,0.6651747098,-0.0403117675,-0.0275888638,1.0621983675
2022-05-19,0.6737668301,-0.0061218504,-0.0040721001,1.0578729894
2022-05-20,0.6741177903,0.0004399685,0.0002964361,1.0581865812
2022-05-23,0.6863482730,0.0187065253,0.0126104015,1.0715307388
2022-05-24,0.6933504480,-0.0076363407,-0.0052411892,1.0659146435
2022-05-25,0.6817823027,0.0088304027,0.0061225637,1.0724407737
2022-05-26,0.6813081659,0.0199856963,0.0136258941,1.0870537381
2022-05-27,0.7062166280,0.0245486862,0.0167252204,1.1052349514
2022-05-31,0.7016646143,-0.0056108251,-0.0039624580,1.1008555044
2022-06-01,0.6863083268,-0.0080892474,-0.0056759387,1.0946071161
2022-06-02,0.7031165382,0.0190500971,0.0130742402,1.1089182725
2022-06-03,0.7064479638,-0.0164135504,-0.0115406387,1.0961206473
2022-06-06,0.7154435859,0.0030412542,0.0021484878,1.0984756492
2022-06-07,0.7245668848,0.0095908658,0.0068617234,1.1060130853
2022-06-08,0.6909913432,-0.0108669155,-0.0078738071,1.0973045516
2022-06-09,0.6807008022,-0.0237867173,-0.0164364158,1.0792687978
2022-06-10,0.6672679731,-0.0289938811,-0.0197361581,1.0579681781
2022-06-13,0.6504163688,-0.0379624691,-0.0253311398,1.0311686383
2022-06-14,0.6401547636,-0.0030202053,-0.0019643910,1.0291430200
2022-06-15,0.6332100632,0.0142580876,0.0091273827,1.0385364022
2022-06-16,0.6121618043,-0.0330941714,-0.0209555624,1.0167732878
2022-06-17,0.5941776398,0.0021600180,0.0013222805,1.0181177473
2022-06-21,0.6100886968,0.0251762250,0.0149591500,1.0333479234
2022-06-22,0.6017001836,-0.0018139709,-0.0011066831,1.0322043347
2022-06-23,0.6211644169,0.0098004618,0.0058969397,1.0382911814
2022-06-24,0.6311099038,0.0317962180,0.0197506792,1.0587981374
2022-06-27,0.6284042708,-0.0038217104,-0.0024119193,1.0562444018
2022-06-28,0.6177822143,-0.0204320938,-0.0128396150,1.0426826303
2022-06-29,0.6162767972,-0.0008144346,-0.0005031432,1.0421580116
2022-06-30,0.6135066378,-0.0081263676,-0.0050080918,1.0369387886
2022-07-01,0.6273094382,0.0105783045,0.0064898601,1.0436683762
2022-07-05,0.6323373458,0.0018910401,0.0011862673,1.0449064459
2022-07-06,0.6244548539,0.0033745690,0.0021338660,1.0471361362
2022-07-07,0.6474156843,0.0149811209,0.0093550337,1.0569321300
2022-07-08,0.6551512000,-0.0008290632,-0.0005367485,1.0563648233
2022-07-11,0.6424864682,-0.0114237994,-0.0074843159,1.0484586553
2022-07-12,0.6320683276,-0.0088455561,-0.0056831501,1.0425001073
2022-07-13,0.6302570384,-0.0052530793,-0.0033203051,1.0390386890
2022-07-14,0.6194866266,-0.0024275844,-0.0015300021,1.0374489575
2022-07-15,0.6280848839,0.0191045631,0.0118350213,1.0497271881
2022-07-18,0.6346595715,-0.0082522069,-0.0051830864,1.0442863614
2022-07-19,0.6428286986,0.0270135558,0.0171444118,1.0621900367
2022-07-20,0.6373997706,0.0063781768,0.0041000751,1.0665450956
2022-07-21,0.6526565843,0.0101799342,0.0064886877,1.0734655737
2022-07-22,0.6555912525,-0.0092764814,-0.0060543567,1.0669664303
2022-07-25,0.6757378724,0.0012191301,0.0007992510,1.0678192043
2022-07-26,0.6740439782,-0.0118371984,-0.0079988433,1.0592778858
2022-07-27,0.7067186608,0.0259673552,0.0175031394,1.0778185743
2022-07-28,0.7072009803,0.0125422181,0.0088638196,1.0873721637
2022-07-29,0.6997390491,0.0145772968,0.0103090786,1.0985819688
2022-08-01,0.7161079837,-0.0029594241,-0.0020708246,1.0963069982
2022-08-02,0.7111868535,-0.0065974254,-0.0047244690,1.0911275299
2022-08-03,0.7192962652,0.0156610902,0.0111379615,1.1032804663
2022-08-04,0.6990387695,-0.0006827498,-0.0004910994,1.1027386459
2022-08-05,0.7223100906,-0.0016879460,-0.0011799397,1.1014374808
2022-08-08,0.7250467799,-0.0011573928,-0.0008359965,1.1005166829
2022-08-09,0.7373184258,-0.0039749613,-0.0028820329,1.0973449576
2022-08-10,0.7471810571,0.0210062037,0.0154882611,1.1143409228
2022-08-11,0.7550673800,0.0000000000,0.0000000000,1.1143409228
2022-08-12,0.7657579322,0.0169278671,0.0127816802,1.1285840722
2022-08-15,0.7580561726,0.0041213308,0.0031559418,1.1321458178
2022-08-16,0.7595348697,0.0019600280,0.0014858114,1.1338279729
2022-08-17,0.7490637321,-0.0070984658,-0.0053915323,1.1277149028
2022-08-18,0.7730785009,0.0029113785,0.0021808081,1.1301742325
2022-08-19,0.7714579936,-0.0134375859,-0.0103883087,1.1184336337
2022-08-22,0.7574992895,-0.0208264536,-0.0160667341,1.1004640579
2022-08-23,0.7447780729,-0.0024186384,-0.0018321168,1.0984478791
2022-08-24,0.7482699798,0.0031990312,0.0023825683,1.1010650062
2022-08-25,0.7583459169,0.0141183690,0.0105643517,1.1126970441
2022-08-26,0.7298616762,-0.0338498011,-0.0256698585,1.0841342685
2022-08-29,0.7136850511,-0.0066093090,-0.0048238813,1.0789045334
2022-08-30,0.7097511697,-0.0109785622,-0.0078352357,1.0704510621
2022-08-31,0.7081177074,-0.0076101552,-0.0054013166,1.0646692170
2022-09-01,0.7016811464,0.0031379569,0.0022220429,1.0670349576
2022-09-02,0.7046540114,-0.0105496028,-0.0074024574,1.0591362768
2022-09-06,0.6999416104,-0.0037715131,-0.0026576119,1.0563215037
2022-09-07,0.7055554465,0.0179731906,0.0125801840,1.0696102226
2022-09-08,0.7151413773,0.0065330076,0.0046093991,1.0745404830
2022-09-09,0.7435442256,0.0155353579,0.0111099773,1.0864786033
2022-09-12,0.7654387181,0.0107485614,0.0079920308,1.0951617738
2022-09-13,0.7657852231,-0.0434837638,-0.0332841564,1.0587102380
2022-09-14,0.7705038547,0.0038161676,0.0029223648,1.0618041755
2022-09-15,0.7559898780,-0.0113548884,-0.0087489853,1.0525144664
2022-09-16,0.7669987654,-0.0076159797,-0.0057576036,1.0464545054
2022-09-19,0.7708054317,0.0077550417,0.0059481074,1.0526789292
2022-09-20,0.7445594765,-0.0114790511,-0.0088481149,1.0433647051
2022-09-21,0.7305533904,-0.0174387553,-0.0129841905,1.0298174589
2022-09-22,0.7189571567,-0.0084060605,-0.0061410760,1.0234932717
2022-09-23,0.6878961527,-0.0167580752,-0.0120483381,1.0111618787
2022-09-26,0.6875714616,-0.0098860750,-0.0068005930,1.0042853783
2022-09-27,0.6891885078,-0.0025566283,-0.0017578647,1.0025199805
2022-09-28,0.7028130363,0.0196757675,0.0135603129,1.0161144651
2022-09-29,0.6939072562,-0.0208898967,-0.0146816918,1.0011961858
2022-09-30,0.6750842444,-0.0154669500,-0.0107326288,0.9904507187
2022-10-03,0.6938391436,0.0264104423,0.0178292735,1.0081097355
2022-10-04,0.7142605816,0.0309816168,0.0214962584,1.0297803229
2022-10-05,0.7039664066,-0.0023244467,-0.0016602607,1.0280706192
2022-10-06,0.7028650910,-0.0103195318,-0.0072646037,1.0206020935
2022-10-07,0.6962695035,-0.0278945294,-0.0196060909,1.0005920761
2022-10-10,0.7022154098,-0.0076335224,-0.0053149888,0.9952739403
2022-10-11,0.7036923765,-0.0063310628,-0.0044457698,0.9908491815
2022-10-12,0.6921973771,-0.0033044400,-0.0023253092,0.9885451507
2022-10-13,0.6990030155,0.0264011251,0.0182747895,1.0066106053
2022-10-14,0.6882145687,-0.0227948295,-0.0159336546,0.9905716196
2022-10-17,0.6859430173,0.0256962913,0.0176845620,1.0080894448
2022-10-18,0.6920737188,0.0117523782,0.0080614617,1.0162161193
2022-10-19,0.6831594945,-0.0070906741,-0.0049072692,1.0112292733
2022-10-20,0.6837904658,-0.0083840113,-0.0057276169,1.0054373394
2022-10-21,0.6975777102,0.0243014503,0.0166171000,1.0221447922
2022-10-24,0.7080063040,0.0122347522,0.0085346904,1.0308684816
2022-10-25,0.6985401764,0.0159699852,0.0113068502,1.0425243570
2022-10-26,0.6849534274,-0.0075337931,-0.0052626571,1.0370379088
2022-10-27,0.6774936798,-0.0053399941,-0.0036576473,1.0332447899
2022-10-28,0.6899296128,0.0237922554,0.0161191027,1.0498997688
2022-10-31,0.6849149111,-0.0072226779,-0.0049831394,1.0446679719
2022-11-01,0.6796177358,-0.0043753286,-0.0029967278,1.0415373863
2022-11-02,0.6742216239,-0.0250955836,-0.0170554037,1.0237735457
2022-11-03,0.6684468125,-0.0103005027,-0.0069448217,1.0166636210
2022-11-04,0.6760501735,0.0143954203,0.0096225728,1.0264465407
2022-11-07,0.6767039652,0.0095607769,0.0064635649,1.0330810445
2022-11-08,0.6637912641,0.0053963701,0.0036517450,1.0368535930
2022-11-09,0.6494365578,-0.0205963000,-0.0136716440,1.0226780998
2022-11-10,0.6778849657,0.0549440203,0.0356826554,1.0591699700
2022-11-11,0.6895800561,0.0096862088,0.0065661353,1.0661246234
2022-11-14,0.6763354279,-0.0085091669,-0.0058677518,1.0598688687
2022-11-15,0.6939127317,0.0085297519,0.0057689734,1.0659832240
2022-11-16,0.6910195968,-0.0076282291,-0.0052933253,1.0603406280
2022-11-17,0.6948445020,-0.0030522151,-0.0021091405,1.0581042207
2022-11-18,0.7073949229,0.0045305827,0.0031480505,1.0614351862
2022-11-21,0.7133673621,-0.0036285249,-0.0025668001,1.0587106943
2022-11-22,0.7233565837,0.0134510663,0.0095955517,1.0688696075
2022-11-23,0.7229364759,0.0063007630,0.0045576984,1.0737411928
2022-11-25,0.7389541504,-0.0002239861,-0.0001619277,1.0735673243
2022-11-28,0.7312076563,-0.0159529266,-0.0117884813,1.0609115959
2022-11-29,0.7429023268,-0.0017166708,-0.0012552428,1.0595798942
2022-11-30,0.7652933969,0.0315010787,0.0234022247,1.0843764210
2022-12-01,0.7615890528,-0.0007420660,-0.0005678982,1.0837606055
2022-12-02,0.7609199511,-0.0011520737,-0.0008774067,1.0828097067
2022-12-05,0.7498436722,-0.0179910427,-0.0136897433,1.0679863197
2022-12-06,0.7343985510,-0.0144159094,-0.0108096784,1.0564417311
2022-12-07,0.7326187795,-0.0016968103,-0.0012461350,1.0551252621
2022-12-08,0.7294393984,0.0078344050,0.0057396322,1.0611812930
2022-12-09,0.7123577248,-0.0074728137,-0.0054509647,1.0553968313
2022-12-12,0.7581536100,0.0144179981,0.0102707723,1.0662365718
2022-12-13,0.7626022514,0.0075700915,0.0057392922,1.0723560151
2022-12-14,0.7628287137,-0.0063920326,-0.0048745785,1.0671287315
2022-12-15,0.7558340519,-0.0244615476,-0.0186599709,1.0472161404
2022-12-16,0.7422137251,-0.0118035594,-0.0089215321,1.0378733680
2022-12-19,0.7425100382,-0.0084814629,-0.0062950582,1.0313398947
2022-12-20,0.7536458864,0.0013650599,0.0010135707,1.0323852306
2022-12-21,0.7673813436,0.0149518273,0.0112683831,1.0440185429
2022-12-22,0.7715019174,-0.0142642763,-0.0109461395,1.0325905703
2022-12-23,0.7817782080,0.0057536028,0.0044389156,1.0371741527
2022-12-27,0.7812624355,-0.0039403799,-0.0030805031,1.0339791345
2022-12-28,0.7589728851,-0.0124276339,-0.0097092435,1.0239399792
2022-12-29,0.7808577307,0.0179971251,0.0136593299,1.0379263132
2022-12-30,0.7937597299,-0.0026331503,-0.0020561157,1.0357922166
2023-01-03,0.7756328941,-0.0042122976,-0.0033435522,1.0323289912
2023-01-04,0.7612513614,0.0077209098,0.0059885916,1.0385111880
2023-01-05,0.7517544824,-0.0114133531,-0.0086884306,1.0294881556
2023-01-06,0.7683135849,0.0229325751,0.0172396661,1.0472361877
2023-01-09,0.7819423443,-0.0005660422,-0.0004348979,1.0467807468
2023-01-10,0.7917522560,0.0070117314,0.0054827697,1.0525200046
2023-01-11,0.8009433885,0.0126451926,0.0100118598,1.0630576873
2023-01-12,0.8079110964,0.0036426690,0.0029175717,1.0661592343
2023-01-13,0.7965897418,0.0038814571,0.0031358722,1.0695025734
2023-01-17,0.8051820018,-0.0018374694,-0.0014637092,1.0679371326
2023-01-18,0.7759573593,-0.0157846566,-0.0127095214,1.0543641628
2023-01-19,0.7613630641,-0.0072786569,-0.0056479274,1.0484091905
2023-01-20,0.7748213026,0.0186285957,0.0141831247,1.0632789088
2023-01-23,0.7866998024,0.0120017715,0.0092992282,1.0731665820
2023-01-24,0.7740405958,-0.0010785987,-0.0008485334,1.0722559644
2023-01-25,0.7636243058,0.0003813961,0.0002952161,1.0725725116
2023-01-26,0.7616747794,0.0109841420,0.0083877578,1.0815689900
2023-01-27,0.7662864459,0.0022983234,0.0017505750,1.0834623576
2023-01-30,0.7587895007,-0.0125456958,-0.0096135967,1.0730463875
2023-01-31,0.7583959587,0.0147054659,0.0111583531,1.0850198180
2023-02-01,0.7691034774,0.0106282301,0.0080604068,1.0937655191
2023-02-02,0.7798173817,0.0145533329,0.0111930190,1.1060080573
2023-02-03,0.7888891438,-0.0106278998,-0.0082878210,1.0968416606
2023-02-06,0.7875565460,-0.0061075957,-0.0048182160,1.0915568406
2023-02-07,0.7924143350,0.0130728658,0.0102956210,1.1027950961
2023-02-08,0.7805167597,-0.0109319072,-0.0086626000,1.0932420234
2023-02-09,0.7743170258,-0.0086694024,-0.0067666139,1.0858444767
2023-02-10,0.7897518618,0.0023281737,0.0018027445,1.0878019769
2023-02-13,0.7595463455,0.0117427316,0.0092738441,1.0978900828
2023-02-14,0.7535926902,-0.0004596610,-0.0003491338,1.0975067723
2023-02-15,0.7611916621,0.0032490984,0.0024484968,1.1001940141
2023-02-16,0.7444721387,-0.0137714213,-0.0104826911,1.0886610201
2023-02-17,0.7498607374,-0.0025032649,-0.0018636109,1.0866321795
2023-02-21,0.7452503001,-0.0200561166,-0.0150392944,1.0702899983
2023-02-22,0.7443605421,-0.0013799448,-0.0010284043,1.0691893075
2023-02-23,0.7492172362,0.0053255632,0.0039641391,1.0734277226
2023-02-24,0.7337593168,-0.0106847947,-0.0080052324,1.0648346843
2023-02-27,0.7353896623,0.0034057943,0.0024990333,1.0674957416
2023-02-28,0.7345791414,-0.0037002080,-0.0027210947,1.0645909846
2023-03-01,0.7377658942,-0.0038336712,-0.0028161349,1.0615929528
2023-03-02,0.7468270712,0.0077778416,0.0057382263,1.0676846134
2023-03-03,0.7397552757,0.0160422678,0.0119807999,1.0804763290
2023-03-06,0.7439370271,0.0006914694,0.0005115181,1.0810290123
2023-03-07,0.7325843550,-0.0153318545,-0.0114059342,1.0686988665
2023-03-08,0.7407491583,0.0016339658,0.0011970178,1.0699781180
2023-03-09,0.7406639896,-0.0184510145,-0.0136675734,1.0553541135
2023-03-10,0.7314048801,-0.0144256475,-0.0106845576,1.0440781217
2023-03-13,0.7233553501,-0.0014297397,-0.0010457186,1.0429863098
2023-03-14,0.7390930570,0.0165284390,0.0119559348,1.0554561861
2023-03-15,0.7285864495,-0.0062527150,-0.0046213382,1.0505785661
2023-03-16,0.7367468833,0.0175488794,0.0127858757,1.0640111331
2023-03-17,0.7348924492,-0.0116953583,-0.0086165188,1.0548430612
2023-03-20,0.7511335184,0.0096129529,0.0070644865,1.0622949857
2023-03-21,0.7659694880,0.0131353378,0.0098663925,1.0727760050
2023-03-22,0.7561837362,-0.0170471959,-0.0130576319,1.0587680907
2023-03-23,0.7571522282,0.0027040057,0.0020447251,1.0609329805
2023-03-24,0.7528704340,0.0065614809,0.0049680399,1.0662037378
2023-03-27,0.7597714671,0.0018665677,0.0014052836,1.0677020565
2023-03-28,0.7559256916,-0.0022440000,-0.0017049272,1.0658817022
2023-03-29,0.7670475168,0.0145356991,0.0109879084,1.0775935127
2023-03-30,0.7768829792,0.0058569202,0.0044925361,1.0824346404
2023-03-31,0.7764853364,0.0140938624,0.0109492818,1.0942865223
2023-04-03,0.7833824962,0.0038095238,0.0029580394,1.0975234649
2023-04-04,0.7826892856,-0.0055450970,-0.0043439320,1.0927558977
2023-04-05,0.7734066690,-0.0026195714,-0.0020503104,1.0905154088
2023-04-06,0.7818529933,0.0039018685,0.0030177311,1.0938062911
2023-04-10,0.7632802701,0.0010269132,0.0008028951,1.0946845029
2023-04-11,0.7603443179,0.0002633625,0.0002010194,1.0949045557
2023-04-12,0.7531258957,-0.0040697602,-0.0030944190,1.0915164622
2023-04-13,0.7575405838,0.0132788817,0.0100006697,1.1024323578
2023-04-14,0.7521210620,-0.0024425637,-0.0018503411,1.1003924819
2023-04-17,0.7568851429,0.0035868810,0.0026977687,1.1033610863
2023-04-18,0.7549479912,0.0006527626,0.0004940663,1.1039062198
2023-04-19,0.7657414670,-0.0001637043,-0.0001235882,1.1037697900
2023-04-20,0.7701932544,-0.0054626644,-0.0041829886,1.0991527336
2023-04-21,0.7546444747,0.0007757584,0.0005974839,1.0998094596
2023-04-24,0.7479027228,0.0010468359,0.0007899890,1.1006782969
2023-04-25,0.7398436112,-0.0158753476,-0.0118732157,1.0876097061
2023-04-26,0.7376568055,-0.0042352620,-0.0031334315,1.0842017556
2023-04-27,0.7429117807,0.0199095988,0.0146864511,1.1001248316
2023-04-28,0.7503354451,0.0085348081,0.0063406095,1.1071002935
2023-05-01,0.7589664217,-0.0010102732,-0.0007580438,1.1062610631
2023-05-02,0.7450027556,-0.0112404558,-0.0085311285,1.0968234078
2023-05-03,0.7352939734,-0.0068619557,-0.0051121759,1.0912162536
2023-05-04,0.7202076329,-0.0070856268,-0.0052100187,1.0855309966
2023-05-05,0.7398123724,0.0185150433,0.0133346755,1.1000062002
2023-05-08,0.7430336224,0.0002639252,0.0001952551,1.1002209820
2023-05-09,0.7319904889,-0.0043809974,-0.0032552284,1.0966395114
2023-05-10,0.7399278678,0.0046727920,0.0034204393,1.1003905003
2023-05-11,0.7428103098,-0.0017444580,-0.0012907731,1.0989701459
2023-05-12,0.7431773523,-0.0013162388,-0.0009777158,1.0978956654
2023-05-15,0.7373667711,0.0034521923,0.0025655911,1.1007124168
2023-05-16,0.7353685824,-0.0066816253,-0.0049268085,1.0952894175
2023-05-17,0.7416675674,0.0121408823,0.0089280234,1.1050681871
2023-05-18,0.7537137933,0.0096323238,0.0071439822,1.1129627745
2023-05-19,0.7512367785,-0.0014532426,-0.0010953290,1.1117437141
2023-05-22,0.7618818045,0.0004000393,0.0003005242,1.1120778200
2023-05-23,0.7563309658,-0.0112186996,-0.0085473231,1.1025725316
2023-05-24,0.7455504967,-0.0072447587,-0.0054794354,1.0965310567
2023-05-25,0.7558631243,0.0086596856,0.0064562329,1.1036105165
2023-05-26,0.7668922245,0.0129511020,0.0097892604,1.1144140473
2023-05-30,0.7718241608,0.0003791381,0.0002907581,1.1147380721
2023-05-31,0.7713337397,-0.0055455441,-0.0042801849,1.1099667870
2023-06-01,0.7687554208,0.0095031091,0.0073300687,1.1181029198
2023-06-02,0.7617051893,0.0144578078,0.0111145182,1.1305300950
2023-06-05,0.7591025110,-0.0019135195,-0.0014575377,1.1288823048
2023-06-06,0.7723663796,0.0021769827,0.0016525530,1.1307478426
2023-06-07,0.7695172831,-0.0034564037,-0.0026696100,1.1277291869
2023-06-08,0.7813410345,0.0060480083,0.0046540469,1.1329776914
2023-06-09,0.7900038239,0.0017932002,0.0014011009,1.1345651075
2023-06-12,0.7924756339,0.0090718338,0.0071667834,1.1426962899
2023-06-13,0.7829738089,0.0065958686,0.0052270652,1.1486692379
2023-06-14,0.7860009466,0.0011881822,0.0009303155,1.1497378627
2023-06-15,0.7774098317,0.0124011807,0.0097473397,1.1609447482
2023-06-16,0.7851295566,-0.0034076058,-0.0026491063,1.1578692822
2023-06-20,0.7770763815,-0.0051871158,-0.0040725580,1.1531537925
2023-06-21,0.7654845311,-0.0051251914,-0.0039826652,1.1485611670
2023-06-22,0.7778230291,0.0036101168,0.0027634886,1.1517352027
2023-06-23,0.7690620184,-0.0075600714,-0.0058803976,1.1449625417
2023-06-26,0.7611823012,-0.0040900037,-0.0031454665,1.1413611004
2023-06-27,0.7707166164,0.0109680756,0.0083487050,1.1508899876
2023-06-28,0.7752177457,0.0005045539,0.0003888681,1.1513375319
2023-06-29,0.7676573523,0.0039382268,0.0030529833,1.1548525462
2023-06-30,0.7688479800,0.0118033798,0.0090609513,1.1653166089
2023-07-03,0.7620822325,0.0011499428,0.0008841312,1.1663469017
2023-07-05,0.7628368780,-0.0014876731,-0.0011337292,1.1650245801
2023-07-06,0.7609629978,-0.0078328921,-0.0059752190,1.1580633031
2023-07-07,0.7616089536,-0.0025213782,-0.0019186755,1.1558413555
2023-07-10,0.7606489328,0.0025277516,0.0019251582,1.1580665330
2023-07-11,0.7655852993,0.0063721256,0.0048469506,1.1636796242
2023-07-12,0.7690029680,0.0080436955,0.0061581350,1.1708457205
2023-07-13,0.7756911428,0.0079404968,0.0061062656,1.1779952154
2023-07-14,0.7682578064,-0.0006238601,-0.0004839228,1.1774251567
2023-07-17,0.7711241914,0.0034698253,0.0026657204,1.1805638429
2023-07-18,0.7751611570,0.0074310364,0.0057302520,1.1873287711
2023-07-19,0.7743199713,0.0022266144,0.0017259850,1.1893780827
2023-07-20,0.7704360460,-0.0066402675,-0.0051416917,1.1832626673
2023-07-21,0.7725578067,0.0000000000,0.0000000000,1.1832626673
2023-07-24,0.7761777706,0.0044707736,0.0034539310,1.1873495749
2023-07-25,0.7749241910,0.0027291186,0.0021182812,1.1898647152
2023-07-26,0.7822536743,0.0001573232,0.0001219135,1.1900097758
2023-07-27,0.7828085304,-0.0066334992,-0.0051890791,1.1838347210
2023-07-28,0.7763537980,0.0097882198,0.0076623019,1.1929056200
2023-07-31,0.7731479346,0.0019086492,0.0014817870,1.1946732521
2023-08-01,0.7753486757,-0.0028619916,-0.0022127429,1.1920297474
2023-08-02,0.7737330433,-0.0139115304,-0.0107862867,1.1791721728
2023-08-03,0.7751717490,-0.0028674927,-0.0022186739,1.1765559743
2023-08-04,0.7751941194,-0.0045222761,-0.0035055407,1.1724315094
2023-08-07,0.7680438515,0.0087305533,0.0067678736,1.1803663776
2023-08-08,0.7658029726,-0.0043513413,-0.0033420209,1.1764215685
2023-08-09,0.7657751820,-0.0066855532,-0.0051198165,1.1703985060
2023-08-10,0.7648696447,0.0003605242,0.0002760805,1.1707216302
2023-08-11,0.7681659272,-0.0005830583,-0.0004459636,1.1701995310
2023-08-14,0.7723188108,0.0055193165,0.0042397508,1.1751608854
2023-08-15,0.7650766542,-0.0116450388,-0.0089936825,1.1645918616
2023-08-16,0.7662584088,-0.0073402129,-0.0056158255,1.1580517169
2023-08-17,0.7545459385,-0.0076226575,-0.0058409254,1.1512876232
2023-08-18,0.7468736878,0.0004856476,0.0003664434,1.1517095050
2023-08-21,0.7521983757,0.0065026428,0.0048566528,1.1573029582
2023-08-22,0.7507634589,-0.0027072679,-0.0020364025,1.1549462235
2023-08-23,0.7641696667,0.0111341353,0.0083591019,1.1646005367
2023-08-24,0.7602612139,-0.0138579868,-0.0105898532,1.1522675880
2023-08-25,0.7581094862,0.0070521366,0.0053614659,1.1584454314
2023-08-28,0.7567348470,0.0063397010,0.0048061874,1.1640131373
2023-08-29,0.7655190831,0.0144559317,0.0109393073,1.1767466346
2023-08-30,0.7703012556,0.0041202437,0.0031541251,1.1804582408
2023-08-31,0.7597724235,-0.0014638564,-0.0011276104,1.1791271438
2023-09-01,0.7504114649,0.0018614821,0.0014143028,1.1807947866
2023-09-05,0.7479048231,-0.0043172388,-0.0032397055,1.1769693593
2023-09-06,0.7441091380,-0.0067260896,-0.0050304748,1.1710486445
2023-09-07,0.7429767325,-0.0030669640,-0.0022821559,1.1683761289
2023-09-08,0.7392658740,0.0015071365,0.0011197673,1.1696844383
2023-09-11,0.7429913745,0.0065731734,0.0048593228,1.1753683126
2023-09-12,0.7342036940,-0.0054871438,-0.0040769005,1.1705764529
2023-09-13,0.7325873308,0.0011659104,0.0008560157,1.1715784848
2023-09-14,0.7328326624,0.0086264010,0.0063195921,1.1789823828
2023-09-15,0.7153889349,-0.0120482202,-0.0088293293,1.1685727592
2023-09-18,0.7152727394,0.0005889376,0.0004213195,1.1690651017
2023-09-19,0.7168073181,-0.0020784619,-0.0014866672,1.1673270910
2023-09-20,0.7163124612,-0.0091905454,-0.0065878502,1.1596369149
2023-09-21,0.7029911358,-0.0165285413,-0.0118396001,1.1459072776
2023-09-22,0.7080822608,-0.0022485672,-0.0015807228,1.1440959159
2023-09-25,0.7094065244,0.0042063107,0.0029784140,1.1475035071
2023-09-26,0.6940231049,-0.0146969983,-0.0104261465,1.1355394675
2023-09-27,0.6951378349,0.0004047594,0.0002809124,1.1358584546
2023-09-28,0.7002462562,0.0057960120,0.0040290272,1.1404348592
2023-09-29,0.6925172787,-0.0024254859,-0.0016984374,1.1384979019
2023-10-02,0.6900249249,-0.0004008561,-0.0002775998,1.1381818551
2023-10-03,0.6824233974,-0.0133863248,-0.0092368978,1.1276685857
2023-10-04,0.6925730974,0.0072823696,0.0049696594,1.1332727145
2023-10-05,0.6936778450,-0.0003746965,-0.0002595047,1.1329786249
2023-10-06,0.6997907067,0.0118722383,0.0082355087,1.1423092802
2023-10-09,0.6999233635,0.0063995707,0.0044783601,1.1474249525
2023-10-10,0.6984112199,0.0052074362,0.0036448063,1.1516070942
2023-10-11,0.6940186963,0.0040960134,0.0028607017,1.1549014985
2023-10-12,0.6904434119,-0.0060990862,-0.0042328798,1.1500129393
2023-10-13,0.6870332765,-0.0049793019,-0.0034379262,1.1460592796
2023-10-16,0.6878094419,0.0105213891,0.0072285444,1.1543436200
2023-10-17,0.6852387825,-0.0000467843,-0.0000321787,1.1543064748
2023-10-18,0.6818945737,-0.0133247870,-0.0091306608,1.1437668939
2023-10-19,0.6743726944,-0.0087842419,-0.0059899269,1.1369158138
2023-10-20,0.6586653127,-0.0122897197,-0.0082878514,1.1274932244
2023-10-23,0.6545801310,-0.0017315074,-0.0011404838,1.1262073366
2023-10-24,0.6623785732,0.0075348115,0.0049321379,1.1317619465
2023-10-25,0.6540931738,-0.0143477654,-0.0095036524,1.1210060744
2023-10-26,0.6406511673,-0.0119745852,-0.0078324944,1.1122258006
2023-10-27,0.6376431119,-0.0045343849,-0.0029049590,1.1089948303
2023-10-30,0.6473610204,0.0119588407,0.0076254724,1.1174514398
2023-10-31,0.6611012000,0.0062781326,0.0040642183,1.1219930064
2023-11-01,0.6664882449,0.0106633106,0.0070495274,1.1299025268
2023-11-02,0.6857031788,0.0191685812,0.0127756340,1.1443377480
2023-11-03,0.6848191033,0.0091210673,0.0062543448,1.1514948309
2023-11-06,0.6918937643,0.0022995464,0.0015747733,1.1533081742
2023-11-07,0.7004118087,0.0028467685,0.0019696614,1.1555798008
2023-11-08,0.7025688486,0.0007306819,0.0005117782,1.1561712013
2023-11-09,0.6993589994,-0.0077983577,-0.0054788832,1.1498366743
2023-11-10,0.7043750120,0.0156064485,0.0109145102,1.1623865785
2023-11-13,0.7118421953,-0.0009560738,-0.0006734345,1.1616037872
2023-11-14,0.7334775525,0.0194016155,0.0138108886,1.1776465677
2023-11-15,0.7388911129,0.0021162217,0.0015522011,1.1794745120
2023-11-16,0.7362911615,0.0012248620,0.0009050396,1.1805419832
2023-11-17,0.7302489109,0.0012437529,0.0009157643,1.1816230814
2023-11-20,0.7335906033,0.0077021416,0.0056244805,1.1882690974
2023-11-21,0.7245619862,-0.0021802636,-0.0015994209,1.1863685550
2023-11-22,0.7368823002,0.0038547396,0.0027929977,1.1896820797
2023-11-24,0.7293999095,0.0006164523,0.0004542528,1.1902224961
2023-11-27,0.7210096810,-0.0017989318,-0.0013121407,1.1886607567
2023-11-28,0.7103285063,0.0009919811,0.0007152280,1.1895109202
2023-11-29,0.7098608328,-0.0007040122,-0.0005000799,1.1889160696
2023-11-30,0.7149889388,0.0039353737,0.0027935677,1.1922373871
2023-12-01,0.7202236760,0.0059156787,0.0042296448,1.1972801278
2023-12-04,0.7247642261,-0.0052499211,-0.0037811175,1.1927530710
2023-12-05,0.7310185459,-0.0001965431,-0.0001424474,1.1925831664
2023-12-06,0.7300858168,-0.0040299251,-0.0029459500,1.1890698760
2023-12-07,0.7343881481,0.0076326632,0.0055724992,1.1956959669
2023-12-08,0.7323227570,0.0042982749,0.0031566021,1.1994703034
2023-12-11,0.7350925698,0.0038875751,0.0028469597,1.2028851470
2023-12-12,0.7395756949,0.0045679844,0.0033578914,1.2069243046
2023-12-13,0.7393294400,0.0137910876,0.0101995532,1.2192343932
2023-12-14,0.7524494038,0.0032084704,0.0023721166,1.2221265594
2023-12-15,0.7513050157,-0.0016466454,-0.0012390174,1.2206123233
2023-12-18,0.7540529300,0.0056255777,0.0042265247,1.2257712715
2023-12-19,0.7609637297,0.0060805517,0.0045850578,1.2313915036
2023-12-20,0.7633637681,-0.0138547476,-0.0105429604,1.2184089917
2023-12-21,0.7703778429,0.0094826932,0.0072387444,1.2272287430
2023-12-22,0.7706924581,0.0020072381,0.0015463318,1.2291264457
2023-12-26,0.7800634758,0.0042230563,0.0032546776,1.2331268561
2023-12-27,0.7802174965,0.0018047110,0.0014077892,1.2348628387
2023-12-28,0.7769169652,0.0003816110,0.0002977396,1.2352305063
2023-12-29,0.7758429175,-0.0028961540,-0.0022500712,1.2324511497
2024-01-02,0.7745177315,-0.0055954040,-0.0043411546,1.2271008888
2024-01-03,0.7781599428,-0.0081673709,-0.0063257736,1.2193385264
2024-01-04,0.7703952938,-0.0032201722,-0.0025058090,1.2162830969
2024-01-05,0.7717608348,0.0013696248,0.0010551525,1.2175664610
2024-01-08,0.7723025244,0.0142745490,0.0110165378,1.2309798280
2024-01-09,0.7703248987,-0.0015176001,-0.0011720464,1.2295370625
2024-01-10,0.7717618875,0.0056551677,0.0043563165,1.2348933151
2024-01-11,0.7702770511,-0.0004391257,-0.0003389005,1.2344748092
2024-01-12,0.7757266741,0.0006930997,0.0005338788,1.2351338691
2024-01-16,0.7795931959,-0.0036740809,-0.0028500826,1.2316136356
2024-01-17,0.7707610845,-0.0055571123,-0.0043322869,1.2262779320
2024-01-18,0.7760680697,0.0088920245,0.0068536264,1.2346823828
2024-01-19,0.7880149479,0.0124657549,0.0096742743,1.2466270389
2024-01-22,0.7943000091,0.0021162706,0.0016676529,1.2487059801
2024-01-23,0.7992199800,0.0029165975,0.0023166534,1.2515987991
2024-01-24,0.8029693622,0.0010915910,0.0008724213,1.2526907206
2024-01-25,0.8007429994,0.0054373532,0.0043660281,1.2581600034
2024-01-26,0.8079542428,-0.0012697646,-0.0010167551,1.2568807628
2024-01-29,0.8174556496,0.0079221499,0.0064007346,1.2649257230
2024-01-30,0.8194896224,-0.0007733744,-0.0006321993,1.2641260379
2024-01-31,0.8033232989,-0.0163196550,-0.0133737879,1.2472198844
2024-02-01,0.8072760799,0.0130918195,0.0105169636,1.2603368505
2024-02-02,0.8044198629,0.0105262502,0.0084975900,1.2710466763
2024-02-05,0.7901648183,-0.0036413927,-0.0029292086,1.2673235155
2024-02-06,0.7862772278,0.0029018985,0.0022929781,1.2702294605
2024-02-07,0.7909056264,0.0083391258,0.0065568647,1.2785581833
2024-02-08,0.7896007289,0.0004425708,0.0003500318,1.2790057193
2024-02-09,0.7918506502,0.0057794159,0.0045634310,1.2848423736
2024-02-12,0.7952594381,-0.0004378062,-0.0003466771,1.2843969482
2024-02-13,0.7782197627,-0.0137726020,-0.0109527917,1.2703292159
2024-02-14,0.7842334623,0.0090878997,0.0070723832,1.2793134709
2024-02-15,0.7739441834,0.0068992076,0.0054105895,1.2862353108
2024-02-16,0.7720136335,-0.0049800978,-0.0038543177,1.2812777513
2024-02-20,0.7703583826,-0.0055073560,-0.0042517539,1.2758300735
2024-02-21,0.7705701723,0.0009079792,0.0006994694,1.2767224776
2024-02-22,0.7767041551,0.0206949955,0.0159469463,1.2970823023
2024-02-23,0.7783492373,0.0006905925,0.0005363861,1.2977780392
2024-02-26,0.7753926791,-0.0036626153,-0.0028507938,1.2940783416
2024-02-27,0.7753850779,0.0018571127,0.0014399916,1.2959418036
2024-02-28,0.7776058514,-0.0013226188,-0.0010255389,1.2946127649
2024-02-29,0.7787742156,0.0035958664,0.0027961667,1.2982327180
2024-03-01,0.7783395796,0.0093893334,0.0073121708,1.3077256174
2024-03-04,0.7787636360,-0.0010736117,-0.0008356345,1.3066328367
2024-03-05,0.7726780001,-0.0099941304,-0.0077830654,1.2964632279
2024-03-06,0.7779892324,0.0050655375,0.0039140294,1.3015376231
2024-03-07,0.7832768091,0.0099285551,0.0077243089,1.3115911018
2024-03-08,0.7840171037,-0.0060027587,-0.0047018217,1.3054242344
2024-03-11,0.7781331799,-0.0008615812,-0.0006754944,1.3045424276
2024-03-12,0.7819929926,0.0107571961,0.0083705312,1.3154621407
2024-03-13,0.7785957455,-0.0015627918,-0.0012220922,1.3138545247
2024-03-14,0.7722255891,-0.0019786970,-0.0015406051,1.3118303937
2024-03-15,0.7611037643,-0.0068671645,-0.0053030001,1.3048737570
2024-03-18,0.7655016599,0.0059433003,0.0045234682,1.3107763120
2024-03-19,0.7679340633,0.0055586711,0.0042551720,1.3163538906
2024-03-20,0.7667643847,0.0092453130,0.0070997908,1.3256997278
2024-03-21,0.7649088791,0.0033077856,0.0025362922,1.3290620896
2024-03-22,0.7751699802,-0.0018966758,-0.0014507841,1.3271339074
2024-03-25,0.7678802190,-0.0027610408,-0.0021402759,1.3242934747
2024-03-26,0.7649974374,-0.0018490375,-0.0014198393,1.3224131908
2024-03-27,0.7678733905,0.0084034270,0.0064286001,1.3309144563
2024-03-28,0.7662509559,-0.0001897034,-0.0001456682,1.3307205845
2024-04-01,0.7665246686,-0.0017405682,-0.0013337121,1.3289457864
2024-04-02,0.7669156267,-0.0063576539,-0.0048732986,1.3224694368
2024-04-03,0.7711541810,0.0010989204,0.0008427792,1.3235839866
2024-04-04,0.7665830734,-0.0122074387,-0.0094138174,1.3111240086
2024-04-05,0.7761837928,0.0104456371,0.0080074486,1.3216227667
2024-04-08,0.7778532831,0.0005606399,0.0004351596,1.3221978836
2024-04-09,0.7682533004,0.0011577464,0.0009005568,1.3233885979
2024-04-10,0.7631859887,-0.0100137482,-0.0076930951,1.3132076435
2024-04-11,0.7671633336,0.0075483591,0.0057608019,1.3207727727
2024-04-12,0.7590266829,-0.0138047125,-0.0105904693,1.3067851692
2024-04-15,0.7514974479,-0.0125269859,-0.0095083165,1.2943598422
2024-04-16,0.7507523163,-0.0018228832,-0.0013698921,1.2925867089
2024-04-17,0.7519274984,-0.0059190996,-0.0044437777,1.2868427409
2024-04-18,0.7463056586,-0.0020576173,-0.0015471791,1.2848517648
2024-04-19,0.7349660288,-0.0087279318,-0.0065137049,1.2764826195
2024-04-22,0.7404928675,0.0092076926,0.0067673412,1.2851210130
2024-04-23,0.7464735934,0.0118656536,0.0087864319,1.2964126413
2024-04-24,0.7449033718,-0.0004726655,-0.0003528323,1.2959552250
2024-04-25,0.7378705374,-0.0037991424,-0.0028299940,1.2922876795
2024-04-26,0.7468736199,0.0094737350,0.0069903900,1.3013212743
2024-04-29,0.7451064289,0.0035407293,0.0026444773,1.3047625889
2024-04-30,0.7363560305,-0.0158423194,-0.0118042140,1.2893608921
2024-05-01,0.7415595042,-0.0032460982,-0.0023902840,1.2862789534
2024-05-02,0.7390158665,0.0093530582,0.0069358492,1.2952003902
2024-05-03,0.7374212080,0.0123966279,0.0091613047,1.3070661157
2024-05-06,0.7488177264,0.0103255121,0.0076142516,1.3170184460
2024-05-07,0.7487976315,0.0011037506,0.0008265080,1.3181069723
2024-05-08,0.7438654092,0.0000959576,0.0000718529,1.3182016820
2024-05-09,0.7447191952,0.0057608221,0.0042852763,1.3238505404
2024-05-10,0.7440274348,0.0012888580,0.0009598373,1.3251212215
2024-05-13,0.7408146744,0.0001361087,0.0001012686,1.3252554147
2024-05-14,0.7480842443,0.0045862374,0.0033975520,1.3297580388
2024-05-15,0.7463290678,0.0123837871,0.0092641160,1.3420770716
2024-05-16,0.7387104252,-0.0020568776,-0.0015351076,1.3400168389
2024-05-17,0.7426842727,0.0014385678,0.0010626850,1.3414408547
2024-05-20,0.7446883897,0.0011514964,0.0008551982,1.3425880526
2024-05-21,0.7472143851,0.0024512801,0.0018254398,1.3450388663
2024-05-22,0.7339058221,-0.0028798341,-0.0021518535,1.3421445397
2024-05-23,0.7282518535,-0.0073035254,-0.0053600998,1.3349505110
2024-05-24,0.7335850208,0.0066178750,0.0048194797,1.3413842779
2024-05-28,0.7358081809,0.0006981798,0.0005121742,1.3420713004
2024-05-29,0.7338806624,-0.0070017758,-0.0051519639,1.3351569975
2024-05-30,0.7232403788,-0.0066372789,-0.0048709706,1.3286534870
2024-05-31,0.7221142438,0.0091097236,0.0065885200,1.3374073470
2024-06-03,0.7263370779,0.0008180619,0.0005907341,1.3381973992
2024-06-04,0.7367913029,0.0011167203,0.0008111154,1.3392828317
2024-06-05,0.7423014364,0.0118849796,0.0087567496,1.3510105961
2024-06-06,0.7361714896,-0.0000189411,-0.0000140600,1.3509916009
2024-06-07,0.7387610751,-0.0012160427,-0.0008952159,1.3497821716
2024-06-10,0.7424607788,0.0030893230,0.0022822716,1.3528627411
2024-06-11,0.7365436105,0.0024086409,0.0017883214,1.3552820944
2024-06-12,0.7407963791,0.0082119490,0.0060484586,1.3634794620
2024-06-13,0.7441171737,0.0020147524,0.0014925213,1.3655144842
2024-06-14,0.7513932570,0.0006086245,0.0004528880,1.3661329092
2024-06-17,0.7504585147,0.0079595492,0.0059807516,1.3743034108
2024-06-18,0.7479608257,0.0025396778,0.0019059229,1.3769227271
2024-06-20,0.7402716252,-0.0027160366,-0.0020314890,1.3741255238
2024-06-21,0.7377066236,-0.0013404255,-0.0009922790,1.3727620079
2024-06-24,0.7362365800,-0.0032517431,-0.0023988324,1.3694689819
2024-06-25,0.7381821511,0.0038500955,0.0028345811,1.3733508528
2024-06-26,0.7416053618,0.0012487980,0.0009218404,1.3746168631
2024-06-27,0.7378874999,0.0015766303,0.0011692375,1.3762241167
2024-06-28,0.7337214037,-0.0039353712,-0.0029038612,1.3722277529
2024-07-01,0.7345907248,0.0020589299,0.0015106809,1.3743007512
2024-07-02,0.7443849259,0.0067286779,0.0049428244,1.3810936784
2024-07-03,0.7454271145,0.0044625455,0.0033218516,1.3856814667
2024-07-05,0.7542694409,0.0057680304,0.0042996462,1.3916394067
2024-07-08,0.7503929817,0.0011539064,0.0008703563,1.3928506289
2024-07-09,0.7502228790,0.0009726000,0.0007298322,1.3938671761
2024-07-10,0.7528117217,0.0098945346,0.0074231062,1.4042140002
2024-07-11,0.7543858047,-0.0086232477,-0.0064916819,1.3950982895
2024-07-12,0.7547226467,0.0063091826,0.0047595578,1.4017383404
2024-07-15,0.7660789417,0.0027490455,0.0020747669,1.4046466207
2024-07-16,0.7750791021,0.0059288502,0.0045419673,1.4110264797
2024-07-17,0.7687669803,-0.0140199192,-0.0108665464,1.3956934951
2024-07-18,0.7698081710,-0.0076851134,-0.0059080614,1.3874476522
2024-07-19,0.7677874349,-0.0066395605,-0.0051111879,1.3803561466
2024-07-22,0.7783973696,0.0103099987,0.0079158875,1.3912828905
2024-07-23,0.7714120076,-0.0015688473,-0.0012211866,1.3895838745
2024-07-24,0.7513108085,-0.0226637209,-0.0174830664,1.3652896872
2024-07-25,0.7494551178,-0.0052093339,-0.0039138289,1.3599461771
2024-07-26,0.7595934362,0.0112006900,0.0083944144,1.3713621289
2024-07-29,0.7539775494,0.0005877619,0.0004464601,1.3719743873
2024-07-30,0.7481851999,-0.0050680903,-0.0038212263,1.3667317627
2024-07-31,0.7684697048,0.0162539392,0.0121609567,1.3833525285
2024-08-01,0.7638148363,-0.0141594412,-0.0108811016,1.3683001291
2024-08-02,0.7479516610,-0.0186199730,-0.0142222116,1.3488398751
2024-08-05,0.7255433965,-0.0291228848,-0.0217825100,1.3194587570
2024-08-06,0.7251607123,0.0092190265,0.0066888038,1.3282843577
2024-08-07,0.7209256876,-0.0066833961,-0.0048465363,1.3218467794
2024-08-08,0.7399805106,0.0231181697,0.0166664824,1.3438773155
2024-08-09,0.7368987226,0.0044095854,0.0032630073,1.3482623969
2024-08-12,0.7379689713,0.0005246302,0.0003865993,1.3487836342
2024-08-13,0.7499162514,0.0164461978,0.0121367836,1.3651535294
2024-08-14,0.7507889111,0.0031548209,0.0023658514,1.3683832798
2024-08-15,0.7508137026,0.0171391442,0.0128678794,1.3859914708
2024-08-16,0.7512380625,0.0022431838,0.0016842131,1.3883257758
2024-08-19,0.7546828449,0.0095609085,0.0071825183,1.3982974511
2024-08-20,0.7554909805,-0.0016252947,-0.0012265820,1.3965823246
2024-08-21,0.7561501167,0.0034365627,0.0025962921,1.4002082603
2024-08-22,0.7473320506,-0.0078489346,-0.0059349728,1.3918980624
2024-08-23,0.7578175964,0.0106260764,0.0079412075,1.4029514137
2024-08-26,0.7543275925,-0.0023848091,-0.0018072503,1.4004159294
2024-08-27,0.7552674206,0.0013734632,0.0010360412,1.4018668180
2024-08-28,0.7548177430,-0.0058062927,-0.0043853037,1.3957192062
2024-08-29,0.7632399896,0.0000904056,0.0000682398,1.3958144497
2024-08-30,0.7605883125,0.0095459698,0.0072858659,1.4059841666
2024-09-03,0.7437317326,-0.0205804872,-0.0156532780,1.3839759055
2024-09-04,0.7341088861,-0.0020442457,-0.0015203704,1.3818717496
2024-09-05,0.7269587576,-0.0024332015,-0.0017862348,1.3794034021
2024-09-06,0.7148150120,-0.0168315104,-0.0122358139,1.3625252788
2024-09-09,0.7292078226,0.0111976476,0.0080042466,1.3734312672
2024-09-10,0.7313588022,0.0043544528,0.0031753011,1.3777923250
2024-09-11,0.7372216335,0.0102585893,0.0075027096,1.3881295006
2024-09-12,0.7415313726,0.0084246903,0.0062108640,1.3967509841
2024-09-13,0.7445594375,0.0052234737,0.0038733696,1.4021611169
2024-09-16,0.7498085297,0.0014746587,0.0010979710,1.4037006492
2024-09-17,0.7450908170,0.0004107181,0.0003079600,1.4041329328
2024-09-18,0.7440887939,-0.0029652790,-0.0022094021,1.4010306385
2024-09-19,0.7532122351,0.0170624039,0.0126959435,1.4188180444
2024-09-20,0.7533047835,-0.0017290638,-0.0013023520,1.4169702438
2024-09-23,0.7537575069,0.0025006818,0.0018837756,1.4196394978
2024-09-24,0.7547805124,0.0028601309,0.0021558452,1.4227000208
2024-09-25,0.7523005204,-0.0022054795,-0.0016646530,1.4203317190
2024-09-26,0.7528818852,0.0039652205,0.0029830374,1.4245686216
2024-09-27,0.7528637553,-0.0014507510,-0.0010922441,1.4230126449
2024-09-30,0.7536619870,0.0040063679,0.0030162492,1.4273048057
2024-10-01,0.7463390463,-0.0089577476,-0.0067511138,1.4176689085
