date,return
2014-07-01,-0.003959503141242743
2014-07-02,0.008052401278721432
2014-07-03,-0.01679250459735045
2014-07-07,-0.0157158738123312
2014-07-08,0.002155506238642773
2014-07-09,-0.010300707514527406
2014-07-10,0.003314676588640407
2014-07-11,0.004433927611586864
2014-07-14,-0.01090464240503449
2014-07-15,-0.003109295401165871
2014-07-16,-0.01770816693247395
2014-07-17,0.01656748826215003
2014-07-18,-0.0037169520309971718
2014-07-21,0.0085767296801198
2014-07-22,0.0005713747011182036
2014-07-23,-0.0022375435734139316
2014-07-24,-0.005019644133734785
2014-07-25,-0.005323530078550092
2014-07-28,0.0027715527442902
2014-07-29,0.0071792913218516295
2014-07-30,-0.021419003101827226
2014-07-31,-0.006706311467685459
2014-08-01,0.006784502295249115
2014-08-04,-0.000543560689044042
2014-08-05,0.0029591524938320647
2014-08-06,-0.0032109588489789152
2014-08-07,0.0075847811051740505
2014-08-08,0.012981693684877681
2014-08-11,-0.008131368135734094
2014-08-12,0.007765769975086356
2014-08-13,0.004570906332063831
2014-08-14,-0.0018243505979868109
2014-08-15,0.013368654150412058
2014-08-18,0.003369405479606892
2014-08-19,-0.004631447392295293
2014-08-20,0.0023957260409702696
2014-08-21,0.0030848176567963917
2014-08-22,0.0023433211583333063
2014-08-25,0.007592840900362624
2014-08-26,-0.0014025623547775832
2014-08-27,-0.004791753667782214
2014-08-28,0.0071626000991214835
2014-08-29,0.004792786612024839
2014-09-02,-0.008225914724595045
2014-09-03,-0.0031914033115014017
2014-09-04,0.0028974973435628177
2014-09-05,0.0036526175728596524
2014-09-08,-0.012007651336923796
2014-09-09,0.005413532115626858
2014-09-10,0.004682318417858602
2014-09-11,-0.005430650643693073
2014-09-12,-0.012434513110486677
2014-09-15,0.0013705889223256653
2014-09-16,0.00204592537622016
2014-09-17,0.005728390578505174
2014-09-18,-0.01195746195427132
2014-09-19,-0.016471351151951606
2014-09-22,-0.007811201482669528
2014-09-23,0.008643069301109363
2014-09-24,-0.016485792281398123
2014-09-25,0.0067607296824511165
2014-09-26,-0.003231637140118397
2014-09-29,-0.011686103980866615
2014-09-30,-0.014463579226311415
2014-10-01,0.009556010058756642
2014-10-02,0.005168146437261136
2014-10-03,-0.006771224472360426
2014-10-06,-0.018218059725850277
2014-10-07,0.016983701049539328
2014-10-08,-0.02658468516907689
2014-10-09,-0.01479458264994661
2014-10-10,-0.0039045026465968813
2014-10-13,0.01129501519966244
2014-10-14,0.006388061453879526
2014-10-15,0.014687415018423317
2014-10-16,0.00010580595651395945
2014-10-17,0.0073964530294197165
2014-10-20,0.018613737251775106
2014-10-21,-0.014446198569851621
2014-10-22,0.016149672622042015
2014-10-23,0.002016202635712616
2014-10-24,-0.005366341256960233
2014-10-27,0.027447946630885123
2014-10-28,-0.0027900263750650646
2014-10-29,0.0036221962418772715
2014-10-30,0.017037564726126678
2014-10-31,-0.0018252176381874652
2014-11-03,-0.003272629771239976
2014-11-04,0.001720520136927347
2014-11-05,0.004953258488521685
2014-11-06,0.0012250320685473948
2014-11-07,0.003066203940656926
2014-11-10,0.0001410430968832422
2014-11-11,0.004556929643626273
2014-11-12,-0.010260427160740396
2014-11-13,0.0011957265424440244
2014-11-14,-0.008232921858660387
2014-11-17,0.005917221780647816
2014-11-18,-0.01132088583543047
2014-11-19,0.0091180429214258
2014-11-20,0.001975953508574612
2014-11-21,0.009989027191355502
2014-11-24,-6.804200739082388e-05
2014-11-25,0.0015542298717553136
2014-11-26,-0.015429198654985413
2014-11-28,-0.01859438143843551
2014-12-01,0.010619015743958748
2014-12-02,0.010277850092068061
2014-12-03,-0.006480735116628831
2014-12-04,0.007323307681465935
2014-12-05,-0.015982162461327193
2014-12-08,0.015319328331054052
2014-12-09,-0.026322522985141553
2014-12-10,0.002647394340891952
2014-12-11,-0.012490215136049646
2014-12-12,-0.011889966667250874
2014-12-15,-0.006210463313224302
2014-12-16,0.026994729843913406
2014-12-17,0.015558615652292529
2014-12-18,0.004849807568463047
2014-12-19,0.004704497499794356
2014-12-22,0.005210870024373838
2014-12-23,0.002152960446715625
2014-12-24,0.005466671337998293
2014-12-26,0.0021069217126470506
2014-12-29,-0.0031401914840254053
2014-12-30,-0.004474283253562362
2014-12-31,-0.0026191373896982924
2015-01-02,-0.01497414498076275
2015-01-05,-0.0172119601435741
2015-01-06,0.010162821884982751
2015-01-07,0.0187147311876951
2015-01-08,-0.009782840141898452
2015-01-09,-0.004924631943875921
2015-01-12,-0.0008831522622030831
2015-01-13,-0.004718815588232702
2015-01-14,-0.015867034312510478
2015-01-15,0.01653653672773287
2015-01-16,-0.0062597579154348385
2015-01-20,-0.001494132191944789
2015-01-21,0.021460899161098067
2015-01-22,-0.002706871063606936
2015-01-23,0.010885235560678826
2015-01-26,-0.005496596285803498
2015-01-27,-0.015458795039613097
2015-01-28,0.012421281374881065
2015-01-29,-0.01716432667665912
2015-01-30,0.014257145903056111
2015-02-02,0.020192361603820125
2015-02-03,-0.006478775530090058
2015-02-04,0.012827967804862565
2015-02-05,0.0005486591798080277
2015-02-06,-0.004985186249855053
2015-02-09,0.0030574851476493034
2015-02-10,-0.0015158496358907976
2015-02-11,0.010058172603185827
2015-02-12,0.0032554958654783914
2015-02-13,0.0013344627815086766
2015-02-17,0.0010626950672486283
2015-02-18,0.0010327962269236813
2015-02-19,0.0022377544843833544
2015-02-20,-0.0007335406294860888
2015-02-23,0.003028309879096146
2015-02-24,0.00183401503922263
2015-02-25,0.004232360144858067
2015-02-26,-0.007358975070137255
2015-02-27,0.009798485806481932
2015-03-02,-0.006777504911690597
2015-03-03,-0.0034457191941741246
2015-03-04,0.001501473740233844
2015-03-05,-0.010100609231037493
2015-03-06,0.0037294516014872085
2015-03-09,-0.016296209835602798
2015-03-10,0.006298297751487718
2015-03-11,0.017190716826288782
2015-03-12,-0.003876181007922014
2015-03-13,0.003226854593182512
2015-03-16,0.0009019968351862093
2015-03-17,0.007863556883015061
2015-03-18,-7.919239301067507e-05
2015-03-19,0.01181764326531602
2015-03-20,0.004527633327133807
2015-03-23,-0.0009862483982313512
2015-03-24,-0.017923248838299436
2015-03-25,-0.001596058797980317
2015-03-26,0.0032631049505905804
2015-03-27,0.011446040832285273
2015-03-30,-0.0038396251436528753
2015-03-31,0.0002306015065844751
2015-04-01,0.004733678959273383
2015-04-02,0.0028752544120563372
2015-04-06,-0.0024639542934859118
2015-04-07,0.006535927208334616
2015-04-08,-0.0009921697405991167
2015-04-09,0.002781579636414331
2015-04-10,0.001875823120441616
2015-04-13,0.0002699159874554269
2015-04-14,0.008293456377407462
2015-04-15,-0.0011361078037854368
2015-04-16,-0.016060842601081794
2015-04-17,0.010230807472358635
2015-04-20,0.0008460276235403066
2015-04-21,0.002152652885480608
2015-04-22,0.003233890855874728
2015-04-23,-0.0029310546844354885
2015-04-24,-0.009263330201239935
2015-04-27,0.006243492134252585
2015-04-28,-0.009797829702538927
2015-04-29,-0.01978354919110341
2015-04-30,0.006864980573367738
2015-05-01,0.00623252692662394
2015-05-04,-0.012861913856976838
2015-05-05,0.002643541434390253
2015-05-06,0.002931489451367106
2015-05-07,0.004649788097510189
2015-05-08,0.0017702874949451612
2015-05-11,-0.0015717594231704438
2015-05-12,9.994352273856584e-05
2015-05-13,0.010525316357407976
2015-05-14,-0.0005399327279717499
2015-05-15,0.008560037421523257
2015-05-18,5.7124019376677757e-05
2015-05-19,0.0004098701326456188
2015-05-20,-0.000931542512734413
2015-05-21,-0.003403506797801639
2015-05-22,-0.00961884110094199
2015-05-26,0.011471292439615342
2015-05-27,-0.0004044448781344023
2015-05-28,-0.004579681875243423
2015-05-29,0.004074861138471332
2015-06-01,0.004647640312246581
2015-06-02,0.012048131735347923
2015-06-03,-0.009223239134835673
2015-06-04,0.007168934813488728
2015-06-05,-0.00562211447670914
2015-06-08,-0.001246016033202576
2015-06-09,0.01472614520544871
2015-06-10,0.0011724747892616998
2015-06-11,-0.001402604181338184
2015-06-12,-0.00548103060067146
2015-06-15,0.006120030177143892
2015-06-16,-0.0025493944040318466
2015-06-17,0.01007250106484948
2015-06-18,0.0017235978710433432
2015-06-19,0.005493063772154668
2015-06-22,0.0029480860191803885
2015-06-23,-0.007705988069836321
2015-06-24,0.0006806020476319797
2015-06-25,-0.0015077242454570815
2015-06-26,-0.02454561622088128
2015-06-29,0.0043362929929237504
2015-06-30,0.0032901572149378463
2015-07-01,-0.008084073045003491
2015-07-02,-0.003467813793646459
2015-07-06,-0.002551878417088969
2015-07-07,-0.017519555793313733
2015-07-08,0.006553447802225155
2015-07-09,0.015077536477718263
2015-07-10,0.009744075170173505
2015-07-13,0.004424737791174831
2015-07-14,-0.005635064582540941
2015-07-15,0.006655106073170343
2015-07-16,-0.0034983504676677326
2015-07-17,-0.006329817929342113
2015-07-20,-0.003978633190446534
2015-07-21,0.0008899005060842573
2015-07-22,-0.008677025115684705
2015-07-23,-0.013959904480588623
2015-07-24,-0.009468222544934396
2015-07-27,0.008210142969398865
2015-07-28,0.0050920129769994405
2015-07-29,0.003238502967491296
2015-07-30,0.005346493504375913
2015-07-31,-0.0064352491011182384
2015-08-03,0.0015147182968799013
2015-08-04,0.004723591050492441
2015-08-05,-0.009774324087996254
2015-08-06,-0.005463233801653958
2015-08-07,0.013712176191158356
2015-08-10,-0.010350088114167391
2015-08-11,-0.002522528718170082
2015-08-12,-0.002858527692747443
2015-08-13,0.007088047395240766
2015-08-14,0.005870595515767194
2015-08-17,-0.006962879022843394
2015-08-18,-0.008469789984673693
2015-08-19,-0.025831107316943283
2015-08-20,-0.012642142478617393
2015-08-21,-0.037693302554853425
2015-08-24,-0.004210932744991576
2015-08-25,0.025780847977248417
2015-08-26,0.019851892992609296
2015-08-27,0.008311096021765366
2015-08-28,0.0001669235008664228
2015-08-31,-0.027417229323010467
2015-09-01,0.01515710248200755
2015-09-02,0.0017550379317791014
2015-09-03,-0.007657870092299377
2015-09-04,0.021615415352411294
2015-09-08,-0.008527842566153306
2015-09-09,0.004121496668734192
2015-09-10,0.0024713649032752083
2015-09-11,-0.003987480901736293
2015-09-14,0.0102148514789988
2015-09-15,0.007896297479289863
2015-09-16,-0.0004003705972907205
2015-09-17,-0.014399798118404049
2015-09-18,0.001068580882312255
2015-09-21,-0.014189824729680386
2015-09-22,-0.003913875004833149
2015-09-23,-0.0018936363630647473
2015-09-24,-0.00683415714426789
2015-09-25,-0.027958171216595953
2015-09-28,-0.0045368111251125505
2015-09-29,0.018005950117719605
2015-09-30,-0.0026676008776239666
2015-10-01,0.009561575236510626
2015-10-02,0.02487696042872026
2015-10-05,-0.006409623713372149
2015-10-06,0.015370529076150392
2015-10-07,0.009657312087009061
2015-10-08,0.0008514396081321429
2015-10-09,0.001968243611179194
2015-10-12,-0.01200330143467071
2015-10-13,-0.011704414830874558
2015-10-14,0.018316005241670846
2015-10-15,-8.630167965962372e-05
2015-10-16,0.0014002817241640362
2015-10-19,0.0025018806351870945
2015-10-20,-0.0129370719868434
2015-10-21,0.011020664080553187
2015-10-22,0.010847445806996616
2015-10-23,-0.004367488753956985
2015-10-26,-0.011270785740438646
2015-10-27,0.02749600051473549
2015-10-28,-0.008658150703955475
2015-10-29,-0.0035598097566813002
2015-10-30,0.01611479256697406
2015-11-02,0.002936312669380912
2015-11-03,-0.0011175005345990222
2015-11-04,0.0029515386813603298
2015-11-05,0.008475525202645766
2015-11-06,-0.011258821259150698
2015-11-09,0.0018145218629278478
2015-11-10,-0.006286814488419447
2015-11-11,-0.018014664053698105
2015-11-12,-0.006757625625079712
2015-11-13,0.009481844583871468
2015-11-16,-0.00147156294193193
2015-11-17,0.014508822666008982
2015-11-18,-0.003638958029810716
2015-11-19,0.00724636788907688
2015-11-20,0.0049695503465102975
2015-11-23,0.005531934108064053
2015-11-24,0.0058654843895637535
2015-11-25,0.003995859066890763
2015-11-27,-0.002381502097582204
2015-11-30,0.004812103654714527
2015-12-01,-0.008281668227467117
2015-12-02,-0.014256360401325906
2015-12-03,0.012122346236439402
2015-12-04,-0.016319708793457347
2015-12-07,-0.007073258149754214
2015-12-08,-0.012107544125199557
2015-12-09,0.0037594654925254684
2015-12-10,-0.022727490133124167
2015-12-11,-0.006105832555336813
2015-12-14,0.012614827413544048
2015-12-15,0.012791096592475605
2015-12-16,-0.011502367282004815
2015-12-17,-0.012190920780039475
2015-12-18,0.006780682727003738
2015-12-21,0.006923192958590141
2015-12-22,0.013033541669652914
2015-12-23,0.0017059033029575526
2015-12-24,-0.005655249509355774
2015-12-28,0.009314508800479376
2015-12-29,-0.008444098062503038
2015-12-30,-0.010680892678456313
2015-12-31,-0.02163325690436043
2016-01-04,0.0021882713803144807
2016-01-05,-0.011565663555411613
2016-01-06,-0.02427328316736084
2016-01-07,-0.015313404140358818
2016-01-08,-0.0013434977353089842
2016-01-11,0.001081868053583963
2016-01-12,-0.03186238591802808
2016-01-13,0.011782666379025149
2016-01-14,-0.016598301801207915
2016-01-15,-0.008594299146577427
2016-01-19,-0.0003886494890193706
2016-01-20,-0.0015196196998399649
2016-01-21,0.022112717734992522
2016-01-22,-0.020276019103717596
2016-01-25,0.021163561401742227
2016-01-26,-0.01044905000206768
2016-01-27,0.003302372691608285
2016-01-28,0.03195795483185832
2016-01-29,-0.0015070744293687898
2016-02-01,-0.020510735726571055
2016-02-02,-0.0014187655672276487
2016-02-03,0.0026510034899703194
2016-02-04,-0.020952131530743025
2016-02-05,-0.013378708440543629
2016-02-08,-0.004582768438179439
2016-02-09,0.002033520947189834
2016-02-10,-0.012564249823536626
2016-02-11,0.02040562498708831
2016-02-12,0.023818055738468777
2016-02-16,0.013477613431319669
2016-02-17,-0.002862166423475038
2016-02-18,0.0047071713723687205
2016-02-19,0.011483483220396684
2016-02-22,-0.008108430708383012
2016-02-23,0.007649821566921388
2016-02-24,0.011100118138729844
2016-02-25,0.005720844316154156
2016-02-26,-0.005660658566601898
2016-02-29,0.021332890829603417
2016-03-01,0.0076634779367215616
2016-03-02,0.00911335335278689
2016-03-03,0.003269874511808034
2016-03-04,0.005669263969240642
2016-03-07,-0.017003132468393807
2016-03-08,0.003802583898236187
2016-03-09,-0.007420665082168094
2016-03-10,0.020539025388816117
2016-03-11,-0.0030315890198804596
2016-03-14,-0.01100861313707057
2016-03-15,0.005660152697626252
2016-03-16,0.01560695080868874
2016-03-17,0.006150905666358675
2016-03-18,-0.0005194414126574693
2016-03-21,-0.0012351643820192027
2016-03-22,-0.015177803647841069
2016-03-23,0.0008438459599841571
2016-03-24,0.0016220427186001349
2016-03-28,0.0199734551562106
2016-03-29,0.003172358902018957
2016-03-30,0.0018345683531431956
2016-03-31,0.002800949960097102
2016-04-01,-0.008008405416962983
2016-04-04,-0.011293607658720776
2016-04-05,0.008822722434882423
2016-04-06,-0.013745949756109075
2016-04-07,0.005063000326268085
2016-04-08,0.00045553131632548947
2016-04-11,0.00812929902444168
2016-04-12,0.02005831039974188
2016-04-13,1.2635805727831666e-05
2016-04-14,0.0002412926490298741
2016-04-15,0.0066844331823370075
2016-04-18,0.003248362583547941
2016-04-19,0.0014306287092098707
2016-04-20,-0.005663871852044199
2016-04-21,0.007505184598405894
2016-04-22,-0.003990325890265611
2016-04-25,0.008909004632448373
2016-04-26,0.001167040632809341
2016-04-27,-0.011328219105579858
2016-04-28,-0.00617776801298638
2016-04-29,0.006898898752079935
2016-05-02,-0.013281345284651927
2016-05-03,-0.005830847733107148
2016-05-04,-0.004157379614067671
2016-05-05,0.0070795642477048835
2016-05-06,0.0017323942062088653
2016-05-09,0.00940408137054304
2016-05-10,-0.00799908914081416
2016-05-11,-0.003920334147658901
2016-05-12,-0.005463926922360841
2016-05-13,0.00957537100511478
2016-05-16,-0.016301951745635743
2016-05-17,0.008327799523347066
2016-05-18,-0.008474102772091492
2016-05-19,0.019719489235772998
2016-05-20,0.00011623785259280153
2016-05-23,0.02033617672151102
2016-05-24,0.003489976770174392
2016-05-25,0.0003978284711320987
2016-05-26,0.00940517081897999
2016-05-27,0.0016273340486900978
2016-05-31,0.00535932486925292
2016-06-01,0.004585728160756013
2016-06-02,-0.0055450614334844
2016-06-03,0.008437346668920107
2016-06-06,0.0030205652381979026
2016-06-07,0.009113993726239108
2016-06-08,-0.005621434092693101
2016-06-09,-0.014214313372569105
2016-06-10,-0.01133248631621599
2016-06-13,-0.003968463373206575
2016-06-14,-0.0001853677390603088
2016-06-15,0.0007286860298299593
2016-06-16,-0.006098280083397682
2016-06-17,0.010890289218058413
2016-06-20,-0.0015840913165468561
2016-06-21,-0.0028412090422738007
2016-06-22,0.019870947819627914
2016-06-23,-0.038709803120144604
2016-06-24,-0.02727507826017972
2016-06-27,0.016808119348076335
2016-06-28,0.018858415220779925
2016-06-29,0.019239369580404786
2016-06-30,0.0005705279375990663
2016-07-01,-0.01359670277676675
2016-07-05,0.005156092655718999
2016-07-06,0.002016089996071752
2016-07-07,0.02225918751804519
2016-07-08,0.010287378367555413
2016-07-11,0.012555574336015387
2016-07-12,-0.00022993394887333725
2016-07-13,0.0007873874359820066
2016-07-14,0.0025331480733492336
2016-07-15,0.00021861676495977893
2016-07-18,-0.0034129719711355373
2016-07-19,0.005771478386812278
2016-07-20,-0.004767933155730025
2016-07-21,0.007853967317879212
2016-07-22,-0.0016966787173750783
2016-07-25,0.005880925187222013
2016-07-26,0.0004855255910092656
2016-07-27,-7.832014435955133e-05
2016-07-28,7.743541397134044e-06
2016-07-29,-0.00043530814373951636
2016-08-01,-0.011932339562967657
2016-08-02,0.008109407473736115
2016-08-03,0.0016682237136940797
2016-08-04,0.013558196204067782
2016-08-05,0.0007117771496903092
2016-08-08,0.0015441194993457614
2016-08-09,-0.004525226641617046
2016-08-10,0.004609183128892821
2016-08-11,0.0002382201149138183
2016-08-12,0.007543732390200095
2016-08-15,-0.0067731591664139225
2016-08-16,-7.003844971689542e-05
2016-08-17,0.005410515613211894
2016-08-18,0.001728928895346397
2016-08-19,0.002484342497349108
2016-08-22,0.00518963278865282
2016-08-23,-0.005484624527601211
2016-08-24,0.0032647600828196247
2016-08-25,-0.004873090964268016
2016-08-26,0.005563902914472809
2016-08-29,0.0007659103317272774
2016-08-30,-0.0040717704980586505
2016-08-31,-0.0010272604978258271
2016-09-01,0.009051049644427728
2016-09-02,-0.0013518473302806429
2016-09-06,0.0069941335053765805
2016-09-07,-0.0036154437985512107
2016-09-08,-0.02948513879460825
2016-09-09,0.010792524999996033
2016-09-12,-0.01838184770445169
2016-09-13,-0.003257791189490299
2016-09-14,0.011619032696538238
2016-09-15,-0.0019609578934192008
2016-09-16,0.005764690639113273
2016-09-19,-0.0020654364190785023
2016-09-20,0.01233263817111024
2016-09-21,0.013740781304741465
2016-09-22,-0.006926424963626169
2016-09-23,-0.011841953578858179
2016-09-26,0.0041524650505052095
2016-09-27,0.008612877991805396
2016-09-28,-0.01140888531764315
2016-09-29,0.010006883842566705
2016-09-30,-0.004268333930485271
2016-10-03,-0.005044308302706145
2016-10-04,0.007366277655909829
2016-10-05,-0.0025377823784788834
2016-10-06,-0.005855732664850838
2016-10-07,0.009314220019032532
2016-10-10,-0.0149606238381371
2016-10-11,0.0026416317104183563
2016-10-12,-0.008524857549100286
2016-10-13,-0.00043948187599821453
2016-10-14,-0.0021293935630308574
2016-10-17,0.005977020552633916
2016-10-18,0.005108232422762824
2016-10-19,-0.003914884598746752
2016-10-20,-0.0035255612529080903
2016-10-21,0.00679653152981689
2016-10-24,-0.006770476673609267
2016-10-25,-0.007646800874884254
2016-10-26,-0.00885225602923629
2016-10-27,-0.002692268189832093
2016-10-28,0.003461023107058747
2016-10-31,-0.009546179070580758
2016-11-01,-0.008018758929494964
2016-11-02,-0.004686304939098325
2016-11-03,0.0014953678999643396
2016-11-04,0.01988587971636333
2016-11-07,0.002450846840663734
2016-11-08,0.026383362417519478
2016-11-09,0.013760595784089598
2016-11-10,0.022506081418385754
2016-11-11,0.011534618070972995
2016-11-14,0.004012447562961756
2016-11-15,0.0011597836854838378
2016-11-16,0.0067012992095100525
2016-11-17,0.004655701863654624
2016-11-18,0.006359224462433479
2016-11-21,0.007651908208777963
2016-11-22,0.00264777737267066
2016-11-23,0.0044481257571803495
2016-11-25,-0.009547269768790586
2016-11-28,-0.0016457597287758154
2016-11-29,-0.0036437040651228787
2016-11-30,-0.0024608435802373502
2016-12-01,-0.00043196808844777235
2016-12-02,0.016635100510063325
2016-12-05,0.010346373109753221
2016-12-06,0.01136605901215099
2016-12-07,0.013055998006761799
2016-12-08,0.0023768585560342975
2016-12-09,-0.010827946675668942
2016-12-12,-0.0008035628001849948
2016-12-13,-0.011517088690701175
2016-12-14,0.008795094814596305
2016-12-15,-0.0008454936780824616
2016-12-16,0.004327591640303682
2016-12-19,0.008487367676976512
2016-12-20,-0.004502159470043281
2016-12-21,-0.005953010376830008
2016-12-22,0.004972930024922455
2016-12-23,0.006143766381603537
2016-12-27,-0.008978273410217957
2016-12-28,0.0009163538493619146
2016-12-29,-0.00566905389952211
2016-12-30,0.007709814893699304
2017-01-03,0.014475474947376266
2017-01-04,-0.01089855508848116
2017-01-05,-0.002936130382525091
2017-01-06,-0.007225958242909045
2017-01-09,0.009966701107942616
2017-01-10,0.004171475286174802
2017-01-11,-0.010083316142335708
2017-01-12,0.007070336050034189
2017-01-13,-0.013629561622051228
2017-01-17,0.004737047747761609
2017-01-18,-0.008908335902813001
2017-01-19,0.003597165392444446
2017-01-20,-0.002535924483924759
2017-01-23,0.014708996867084202
2017-01-24,0.010604597976398199
2017-01-25,-0.00513649661443338
2017-01-26,-0.0027086806447895653
2017-01-27,-0.014676710760009669
2017-01-30,0.005371990811364465
2017-01-31,-0.00019667355295705156
2017-02-01,-0.0021866972984747783
2017-02-02,0.014563973756921438
2017-02-03,-0.005662758110893557
2017-02-06,-0.0025341769100579266
2017-02-07,-0.0015806677336447433
2017-02-08,0.01226196900951579
2017-02-09,0.007234613255366208
2017-02-10,0.0030661016722320893
2017-02-13,0.0038988889930895564
2017-02-14,0.005704610324640806
2017-02-15,-0.0026303006405132127
2017-02-16,-0.0004400834438006207
2017-02-17,0.006839789859348491
2017-02-21,-0.0028612863613400076
2017-02-22,-0.0030598218917753384
2017-02-23,-0.0015153819072417007
2017-02-24,0.005735214645661702
2017-02-27,-0.014136745317344268
2017-02-28,0.01818067551761761
2017-03-01,-0.011320481370039125
2017-03-02,-0.0013273098668567203
2017-03-03,-0.008751739173743497
2017-03-06,-0.005030713951380697
2017-03-07,-0.0042104459110330564
2017-03-08,-0.005406829537278919
2017-03-09,0.0032765538678525196
2017-03-10,0.002905952114778527
2017-03-13,-0.0041489930884146655
2017-03-14,0.012382906254432394
2017-03-15,0.004579555066367726
2017-03-16,0.003591051265311977
2017-03-17,-0.006699459482211954
2017-03-20,-0.026469636050092164
2017-03-21,-0.0023127765233809123
2017-03-22,0.00799680084357396
2017-03-23,0.0005355171302420273
2017-03-24,0.002909521329183341
2017-03-27,0.006761679073878887
2017-03-28,0.003994260093393808
2017-03-29,0.009962950584157606
2017-03-30,0.0015606936890734263
2017-03-31,-0.010812070399849123
2017-04-03,-0.0009172263238927968
2017-04-04,-0.01025396356103926
2017-04-05,0.010559481007019842
2017-04-06,0.0011062518116596838
2017-04-07,0.0007790690833335181
2017-04-10,0.008762240526502067
2017-04-11,-0.013272009580601637
2017-04-12,-0.012406182171725913
2017-04-13,0.012945289616085936
2017-04-17,0.0012366296672404336
2017-04-18,0.0028870351418350945
2017-04-19,0.014486127729217816
2017-04-20,-0.002895387904218042
2017-04-21,0.01455651974855134
2017-04-24,0.007382547614073698
2017-04-25,0.009363686022957625
2017-04-26,-0.0025732264124699467
2017-04-27,-0.014088706842139063
2017-04-28,0.004177536748546284
2017-05-01,-0.0005954227281551251
2017-05-02,-0.004268997370803354
2017-05-03,-0.0023547376779902624
2017-05-04,0.0037064725193735742
2017-05-05,-0.0013998784189816413
2017-05-08,-8.990175142709202e-05
2017-05-09,0.0030019870808940118
2017-05-10,-0.00782650929718379
2017-05-11,-0.008377450520038538
2017-05-12,0.006874865578888519
2017-05-15,-0.0011362698312285006
2017-05-16,-0.02672056625955685
2017-05-17,0.0010774669660711172
2017-05-18,0.005422244042877382
2017-05-19,0.0040845358529785145
2017-05-22,0.003102810638525856
2017-05-23,-0.0027023102776753717
2017-05-24,-1.4593011473268544e-05
2017-05-25,-0.0004581912410263611
2017-05-26,-0.006742320216617845
2017-05-30,-0.000706907777682114
2017-05-31,0.0172377137659425
2017-06-01,0.0038931551247260283
2017-06-02,-0.005853191622292215
2017-06-05,-0.0032992151410552034
2017-06-06,0.001227439253218365
2017-06-07,0.0162885355240658
2017-06-08,0.013715822550445381
2017-06-09,-0.0016529214124826235
2017-06-12,0.002638325958630986
2017-06-13,-0.004519182584531276
2017-06-14,-0.005003428085731804
2017-06-15,-0.0033482853455404312
2017-06-16,0.004995545603305959
2017-06-19,-0.01212182924875209
2017-06-20,-0.0081551712183189
2017-06-21,0.0028343712106616626
2017-06-22,0.006145656493067366
2017-06-23,0.004281214533393342
2017-06-26,-0.0034348988328689236
2017-06-27,0.014551433457789371
2017-06-28,-0.0005103727863364677
2017-06-29,-0.0009983407808337333
2017-06-30,0.011477256249608561
2017-07-03,-0.006005681017526246
2017-07-05,-0.012813935614211834
2017-07-06,0.010394837731599823
2017-07-07,-0.005263145479037829
2017-07-10,0.0006199937282546902
2017-07-11,0.00821846403526891
2017-07-12,2.304243922493496e-05
2017-07-13,0.0033553408617379207
2017-07-14,0.003074623147080841
2017-07-17,-0.0027661639951552953
2017-07-18,0.008940875005331833
2017-07-19,0.0010526788949296022
2017-07-20,-0.00435269990321532
2017-07-21,0.0010035497492307944
2017-07-24,0.007732426272695787
2017-07-25,-0.005282891290110571
2017-07-26,-0.004336898770002762
2017-07-27,-0.002357582361491431
2017-07-28,-0.002387255287355163
2017-07-31,0.0017225445628607213
2017-08-01,-0.011544687816538775
2017-08-02,-0.0039627092004106464
2017-08-03,0.005159475881139115
2017-08-04,0.0005657962861994725
2017-08-07,-0.0022243785235076044
2017-08-08,-0.008508849598210497
2017-08-09,-0.015326027020304833
2017-08-10,-0.0005012060931260142
2017-08-11,0.013710588818802275
2017-08-14,-0.010337949543148147
2017-08-15,0.0007345016321850523
2017-08-16,-0.016269316929907775
2017-08-17,-5.193230811877228e-05
2017-08-18,-0.0010255984776198252
2017-08-21,0.008316256378119048
2017-08-22,-0.00021723990363012454
2017-08-23,0.0021410620978247895
2017-08-24,0.005280038423685537
2017-08-25,-0.00022189042780800842
2017-08-28,0.0010851687679280658
2017-08-29,0.0038148474458199345
2017-08-30,0.007422024176321804
2017-08-31,0.007884903697952847
2017-09-01,-0.010903295636447747
2017-09-05,0.0022145232076918745
2017-09-06,-0.0061284010252101034
2017-09-07,0.0009800274697554883
2017-09-08,0.01444478090018441
2017-09-11,0.009000607024115634
2017-09-12,0.0028294072775706504
2017-09-13,-0.0005728801541737514
2017-09-14,0.006144655463749775
2017-09-15,0.004605550459517091
2017-09-18,-0.00015591928739272975
2017-09-19,0.005924787378827831
2017-09-20,-0.0021850133893226023
2017-09-21,0.006695062568532516
2017-09-22,0.0021345150786381247
2017-09-25,0.005260052676039512
2017-09-26,0.015635657100781533
2017-09-27,0.00296703961107043
2017-09-28,0.0017849433238247064
2017-09-29,0.01073500075572178
2017-10-02,0.0022370970708353224
2017-10-03,-0.003628511818982491
2017-10-04,0.004428628805971015
2017-10-05,-0.0003313933387868857
2017-10-06,-0.004588482623080616
2017-10-09,0.005062021371652924
2017-10-10,-0.0021105949456093915
2017-10-11,-0.0016065254484694375
2017-10-12,-0.0008333308249656116
2017-10-13,0.001300676070722822
2017-10-16,-0.0034680877244712338
2017-10-17,0.005823817659255187
2017-10-18,-0.0014893303610831838
2017-10-19,0.004822922083671033
2017-10-20,-0.00605636189253231
2017-10-23,0.0012907735177255495
2017-10-24,-0.004766901716862174
2017-10-25,0.0034960645920715087
2017-10-26,0.00658649783819435
2017-10-27,-0.013132060115615216
2017-10-30,0.007430574813850929
2017-10-31,-0.005139675550486597
2017-11-01,0.002508685964641307
2017-11-02,-0.003227151289831422
2017-11-03,0.0021459613379883717
2017-11-06,-0.01245908814734482
2017-11-07,0.0025439465498078183
2017-11-08,0.003127292526485062
2017-11-09,0.0020143376595184287
2017-11-10,-0.0009542432321537034
2017-11-13,-0.001984518422907826
2017-11-14,-0.00494710176277862
2017-11-15,0.012869335246459303
2017-11-16,0.00431376185014499
2017-11-17,0.00677086676059091
2017-11-20,0.008523741659244907
2017-11-21,-0.0005917861607296484
2017-11-22,-0.0009840325452856208
2017-11-24,-0.0008592886680321282
2017-11-27,0.014440031720986995
2017-11-28,0.008169838333494847
2017-11-29,-0.0021915565285586564
2017-11-30,-0.00566204396188121
2017-12-01,-0.0009198058489500816
2017-12-04,-0.00825371193573144
2017-12-05,-0.004366421563426653
2017-12-06,0.002984691042320557
2017-12-07,-0.0009017809147515289
2017-12-08,-0.0014839592727587164
2017-12-11,0.000560072586200717
2017-12-12,0.0014946916972228465
2017-12-13,-0.010789568457049016
2017-12-14,0.01619104112552773
2017-12-15,0.010204678763794653
2017-12-18,-0.008384906460425317
2017-12-19,-0.00023435504835857477
2017-12-20,0.004138861366164993
2017-12-21,-0.0030097492334774443
2017-12-22,-0.00026669998558250343
2017-12-26,4.047499646795911e-05
2017-12-27,0.00398631364155714
2017-12-28,-0.006780108963681204
2017-12-29,0.008620908853659338
2018-01-02,0.00013430977039115746
2018-01-03,0.004079465579429238
2018-01-04,0.004606876184289138
2018-01-05,0.0015765016220570072
2018-01-08,-0.002542596874390142
2018-01-09,-0.0007048251347797222
2018-01-10,0.017961066349651625
2018-01-11,0.0034795015444358504
2018-01-12,-0.009422956592143168
2018-01-16,0.008126998988131792
2018-01-17,-0.006200306064876201
2018-01-18,0.011570383553299946
2018-01-19,0.0016914768577574802
2018-01-22,0.001988870703398269
2018-01-23,-0.0057015095524221215
2018-01-24,0.0007134861185454231
2018-01-25,0.004015049016076581
2018-01-26,-0.009170582814208305
2018-01-29,-0.008287921255606331
2018-01-30,-0.004386442696412937
2018-01-31,0.0033118210354075826
2018-02-01,-0.019575821985881255
2018-02-02,-0.03570088858463424
2018-02-05,0.008781512972450787
2018-02-06,0.0009425005143530705
2018-02-07,-0.0264041736969843
2018-02-08,0.009772649584121556
2018-02-09,0.0053780023862483595
2018-02-12,0.003143985629770223
2018-02-13,0.01653351902321993
2018-02-14,0.009737764593850824
2018-02-15,0.0020662022534321733
2018-02-16,-0.009089885742183407
2018-02-20,0.003324616951365922
2018-02-21,-0.004189206802378437
2018-02-22,0.010304721496927214
2018-02-23,0.007561004634784391
2018-02-26,-0.013868300540740619
2018-02-27,-0.015250136259358171
2018-02-28,-0.0024296208648354714
2018-03-01,0.013257326430159052
2018-03-02,0.00993916615978264
2018-03-05,0.012153552383024584
2018-03-06,0.008402383808728525
2018-03-07,-0.000246601578878799
2018-03-08,0.018162782066670283
2018-03-09,0.001966909636432281
2018-03-12,-0.005308997270552311
2018-03-13,-0.006181790158069508
2018-03-14,-0.0015608286339824282
2018-03-15,0.006401612800192481
2018-03-16,-0.008787950426810128
2018-03-19,-0.001557494336610029
2018-03-20,0.0039732005396809515
2018-03-21,-0.020407392916918336
2018-03-22,-0.021881176669972968
2018-03-23,0.01993897014931481
2018-03-26,-0.015354596651297642
2018-03-27,0.0019577883459368085
2018-03-28,0.007561563504871892
2018-03-29,-0.019978868302680607
2018-04-02,0.013467291354327223
2018-04-03,0.011342108662681365
2018-04-04,0.008058498120071322
2018-04-05,-0.018436119319264237
2018-04-06,-0.000887283633680258
2018-04-09,0.01785211414196492
2018-04-10,-0.0009363426775175733
2018-04-11,0.006437198972384218
2018-04-12,-0.004443348227880524
2018-04-13,0.008085166171021197
2018-04-16,0.006166254396875317
2018-04-17,0.00242468149298984
2018-04-18,-0.003915590559581865
2018-04-19,-0.0037663900321881897
2018-04-20,-0.0006941301177455104
2018-04-23,-0.003475676526941512
2018-04-24,-0.0012668105852427839
2018-04-25,0.002555776097874851
2018-04-26,-0.0005932483109783322
2018-04-27,-0.011937377835342515
2018-04-30,0.0034294158089657415
2018-05-01,9.404623633417307e-05
2018-05-02,-0.0029197366306527622
2018-05-03,0.01305102037282962
2018-05-04,0.006901580244804498
2018-05-07,0.006183000093734793
2018-05-08,0.0057455462166545275
2018-05-09,0.005928695065617856
2018-05-10,0.0011907545760602137
2018-05-11,-0.003187825054853253
2018-05-14,0.0009237475307945075
2018-05-15,0.009200069270305124
2018-05-16,0.005549527186839466
2018-05-17,-0.0005041370612440322
2018-05-18,0.00832477977984674
2018-05-21,-0.004243706052180106
2018-05-22,0.0013523866876486758
2018-05-23,0.0002093830075973148
2018-05-24,-0.0011106885204927302
2018-05-25,-0.005602172238625681
2018-05-29,0.012738021627875771
2018-05-30,-0.005020369285719531
2018-05-31,0.00935571869953604
2018-06-01,0.004648270982870966
2018-06-04,0.00590031162967768
2018-06-05,0.007970517393371127
2018-06-06,-0.0024099308595994344
2018-06-07,0.002617608956107139
2018-06-08,0.00028186416186872757
2018-06-11,-0.0003566644953814917
2018-06-12,-0.0050049258921480815
2018-06-13,0.0017556446024898343
2018-06-14,-0.0005376016697569407
2018-06-15,0.001900246750190734
2018-06-18,0.00036966366822696557
2018-06-19,0.006004315455232284
2018-06-20,-0.009669815349026879
2018-06-21,0.0007475812393717304
2018-06-22,-0.013746091353214978
2018-06-25,0.006203602061155061
2018-06-26,-0.017227795222524003
2018-06-27,0.002410368463490765
2018-06-28,-0.0015082563625802511
2018-06-29,0.007088664699240263
2018-07-02,-0.00028039159023331844
2018-07-03,0.010695500820211534
2018-07-05,0.005828209037663501
2018-07-06,0.009192121163617117
2018-07-09,-0.0035150237604020937
2018-07-10,-0.0073588598019226565
2018-07-11,0.0015214189646992858
2018-07-12,-0.0006235856821154054
2018-07-13,-0.0029710135587966416
2018-07-16,0.002483821510885647
2018-07-17,0.004759192587029974
2018-07-18,0.003050944965515982
2018-07-19,0.0007654685531589139
2018-07-20,0.0018990111071765863
2018-07-23,-0.006814653161593845
2018-07-24,0.0013218835716468664
2018-07-25,0.005654721828343185
2018-07-26,-0.012733170441673951
2018-07-27,-0.005948429272810526
2018-07-30,0.007526860970567583
2018-07-31,2.9071934030965886e-05
2018-08-01,0.007118169789647487
2018-08-02,-0.004220766137818869
2018-08-03,0.002935272222185318
2018-08-06,0.0009599648822937345
2018-08-07,0.003207681046406096
2018-08-08,0.002089071823147149
2018-08-09,-0.0043870347148724015
2018-08-10,-0.0050707143512606105
2018-08-13,0.008546432340495689
2018-08-14,-0.011696182475503691
2018-08-15,0.008487371417987619
2018-08-16,0.004118615008274082
2018-08-17,0.0041914737526477005
2018-08-20,0.009982171799831598
2018-08-21,0.00271673817824558
2018-08-22,-0.0029223891063166326
2018-08-23,0.00415547513227108
2018-08-24,0.0026768209259014726
2018-08-27,-0.0020332006122774043
2018-08-28,0.0015481815931828041
2018-08-29,-0.0034927201347076343
2018-08-30,0.003869540500637236
2018-08-31,-0.0028589784259920007
2018-09-04,-0.002663357350682948
2018-09-05,-0.0056608020271639425
2018-09-06,-0.002114870386544946
2018-09-07,0.00011107686139848406
2018-09-10,-0.002121962726645817
2018-09-11,-0.003607924061115238
2018-09-12,0.0003503647843855083
2018-09-13,0.004618668310955932
2018-09-14,-0.006598356804373704
2018-09-17,0.0018791961424716773
2018-09-18,0.0046789252333828465
2018-09-19,0.011937570180052124
2018-09-20,-0.0028831558445459654
2018-09-21,-0.006987046715954936
2018-09-24,0.00036601972105417446
2018-09-25,-0.008916733781206995
2018-09-26,-0.001766386525444942
2018-09-27,0.0017274449311654137
2018-09-28,-0.01013510607835957
2018-10-01,-0.00819282775695472
2018-10-02,0.009545433186139693
2018-10-03,-0.010484987267357773
2018-10-04,-0.009465432494233787
2018-10-05,0.001784338770246677
2018-10-08,-0.0018417826551675814
2018-10-09,-0.022576045303644557
2018-10-10,-0.017275188532062155
2018-10-11,-0.003341692407804329
2018-10-12,0.00580683816301784
2018-10-15,0.02153565103063803
2018-10-16,-0.0020093162060041397
2018-10-17,-0.015788881307240776
2018-10-18,-0.011153802118394843
2018-10-19,-0.00374196326297274
2018-10-22,-0.006378353866091339
2018-10-23,-0.03200928231414483
2018-10-24,0.022506099640224562
2018-10-25,-0.0070488692408334115
2018-10-26,0.0011101166106970717
2018-10-29,0.016316099697049107
2018-10-30,0.0008490990178147606
2018-10-31,0.017652889624939275
2018-11-01,0.006413932127945084
2018-11-02,-0.0006534752410733806
2018-11-05,0.008368057749591314
2018-11-06,0.01062222257807021
2018-11-07,-0.001961395648578311
2018-11-08,-0.016487659962238416
2018-11-09,-0.014703941730053351
2018-11-12,-0.0025056325888147065
2018-11-13,-0.009137101303409053
2018-11-14,0.010593810482550132
2018-11-15,0.0026179630455078384
2018-11-16,-0.013901177675954049
2018-11-19,-0.014942204860143204
2018-11-20,0.01047469431984041
2018-11-21,0.0012372160719407777
2018-11-23,0.0072608027725012585
2018-11-26,-0.004631944130767635
2018-11-27,0.022281377158406328
2018-11-28,-0.0032688059385820962
2018-11-29,0.003843588838543032
2018-11-30,0.006829121435886059
2018-12-03,-0.041151738335594074
2018-12-04,-0.002245834797239655
2018-12-06,-0.013737415851729273
2018-12-07,-0.007211937688623587
2018-12-10,-0.0019555952730376893
2018-12-11,0.010834134152822767
2018-12-12,-0.013647008541521826
2018-12-13,-0.014375774209604453
2018-12-14,-0.020652442125393723
2018-12-17,-0.003394500731726297
2018-12-18,-0.019870018445541184
2018-12-19,-0.014748929846920415
2018-12-20,-0.01998534810441287
2018-12-21,-0.017846749688508183
2018-12-24,0.042655079992294696
2018-12-26,4.851148660350541e-06
2018-12-27,0.008950399517627132
2018-12-28,0.004916613970640832
2018-12-31,0.012436369247586706
2019-01-02,-0.013564024333745216
2019-01-03,0.03675447999129436
2019-01-04,0.012402293867337055
2019-01-07,0.011388389473179591
2019-01-08,0.008287203015324839
2019-01-09,0.0022129631554028153
2019-01-10,0.002148770567511277
2019-01-11,-0.00653681128182048
2019-01-14,0.006621993921888442
2019-01-15,0.010569729259819353
2019-01-16,0.007626062429646214
2019-01-17,0.009941299248653302
2019-01-18,-0.01555302683718782
2019-01-22,-0.0002787545342043327
2019-01-23,0.008087922207113792
2019-01-24,0.011479372394349818
2019-01-25,-0.005029060332243205
2019-01-28,-0.0005343413309035192
2019-01-29,0.009904806335977902
2019-01-30,0.005855694711702433
2019-01-31,0.0029432434405668685
2019-02-01,0.008380008968387243
2019-02-04,0.003575334455935204
2019-02-05,0.00025124173699862004
2019-02-06,-0.0063876710304591145
2019-02-07,-0.0010862587693585312
2019-02-08,0.006559523754467315
2019-02-11,0.0116484211155146
2019-02-12,0.005253067491159374
2019-02-13,-0.0020131655399265457
2019-02-14,0.014598227164769903
2019-02-15,0.006460377527080022
2019-02-19,0.005355475072303887
2019-02-20,-0.004283194249291525
2019-02-21,0.008781778257611955
2019-02-22,-0.0024319812372445796
2019-02-25,-0.0065578546457755686
2019-02-26,0.002894496858801347
2019-02-27,-0.004873295449016196
2019-02-28,0.0054934164104911
2019-03-01,-0.005897492968877349
2019-03-04,-0.002827687983233214
2019-03-05,-0.016462871077513756
2019-03-06,-0.010444837909123816
2019-03-07,-0.0013219157214612149
2019-03-08,0.014399284297969918
2019-03-11,-0.001317073686579887
2019-03-12,0.003881941517389096
2019-03-13,-0.001167820157731414
2019-03-14,0.0023821367437015435
2019-03-15,0.006285812493076467
2019-03-18,-0.006631186780075084
2019-03-19,-0.009034121103677607
2019-03-20,0.009534584220845677
2019-03-21,-0.03185856520821599
2019-03-22,0.005050120018824365
2019-03-25,0.009607182542704288
2019-03-26,-0.0007052625485113016
2019-03-27,0.0076466031662837785
2019-03-28,0.0014496220319639075
2019-03-29,0.01513260927743591
2019-04-01,-0.0023606168660215985
2019-04-02,0.004225238360580104
2019-04-03,0.00665267630138187
2019-04-04,0.007815661830582509
2019-04-05,0.0005605338837102081
2019-04-08,-0.011544971159616377
2019-04-09,0.012090352019341066
2019-04-10,0.0012312048005741639
2019-04-11,0.004501511671429686
2019-04-12,-0.0039172062220333296
2019-04-15,0.0047369233804623
2019-04-16,-0.0031095681517252526
2019-04-17,-0.0017414313406467436
2019-04-18,-0.008200845241867656
2019-04-22,0.01396952058408381
2019-04-23,0.00228333361538925
2019-04-24,-0.008053752160248364
2019-04-25,0.010041040047357636
2019-04-26,0.006037739161579939
2019-04-29,-0.0027780031068973727
2019-04-30,-0.004940965874933393
2019-05-01,0.0026360192828679624
2019-05-02,0.014112588108610644
2019-05-03,-0.0017018007742694095
2019-05-06,-0.015764270008954008
2019-05-07,-0.006008867447275502
2019-05-08,-0.001980195020553114
2019-05-09,0.0041720551980964846
2019-05-10,-0.02793225253174976
2019-05-13,0.010358244615320894
2019-05-14,0.0013770417202331755
2019-05-15,0.004181327202785487
2019-05-16,-0.011051920731163858
2019-05-17,-0.004613662133619747
2019-05-20,0.009807268582283458
2019-05-21,-0.007632134040163531
2019-05-22,-0.01755539604936707
2019-05-23,0.006789941069347768
2019-05-24,-0.008020588026435894
2019-05-28,-0.0059989669648441435
2019-05-29,-0.0027446445341218163
2019-05-30,-0.012251700529106048
2019-05-31,0.006842568876963826
2019-06-03,0.0245423217611876
2019-06-04,-0.0008382604474976788
2019-06-05,-0.0008975721617436485
2019-06-06,0.004058999293609307
2019-06-07,0.005539990885626402
2019-06-10,-0.0007553606839864401
2019-06-11,-0.0016352152891928769
2019-06-12,0.008925653485780772
2019-06-13,-0.004358380137034863
2019-06-14,-0.0022745265018399834
2019-06-17,0.010401340257942353
2019-06-18,0.001169007441381134
2019-06-19,0.00406364924643685
2019-06-20,-0.0069406201836387914
2019-06-21,-0.007308052862458211
2019-06-24,-0.0037365573474835378
2019-06-25,-0.001332035039958694
2019-06-26,0.01550807363852304
2019-06-27,0.012716941341584423
2019-06-28,0.003438200192340222
2019-07-01,-0.003314859167770186
2019-07-02,0.006491513019723957
2019-07-03,0.005454475088198539
2019-07-05,-0.007452336172672647
2019-07-08,0.0008920390736140479
2019-07-09,0.002097875020501418
2019-07-10,-0.0025021415253595556
2019-07-11,0.009079042378832877
2019-07-12,-0.005354566061136505
2019-07-15,0.00013756604715818045
2019-07-16,-0.007295275493708378
2019-07-17,0.0017009220522106376
2019-07-18,-0.004401325046583828
2019-07-19,-0.0028255634122553814
2019-07-22,0.0068054809312268665
2019-07-23,0.016311379596948235
2019-07-24,-0.009840192367598328
2019-07-25,0.009903248473394966
2019-07-26,-0.005931405870641834
2019-07-29,0.00816179401217352
2019-07-30,-0.004055860206680472
2019-07-31,-0.016180868025608662
2019-08-01,-0.008417332672099747
2019-08-02,-0.02983716881478007
2019-08-05,0.009398113612458583
2019-08-06,-0.003951731470612323
2019-08-07,0.01828416218619236
2019-08-08,-0.0084442730348923
2019-08-09,-0.01036678794391605
2019-08-12,0.007842873313969562
2019-08-13,-0.02832013541536123
2019-08-14,-0.002297611153758939
2019-08-15,0.026974892126137705
2019-08-16,0.009505429845055736
2019-08-19,-0.009623576120841448
2019-08-20,0.007493963667796737
2019-08-21,-0.0006116239467704575
2019-08-22,-0.02741359173357969
2019-08-23,0.008813327500099694
2019-08-26,-0.012810417165496538
2019-08-27,0.01288865619552317
2019-08-28,0.013506552119384414
2019-08-29,-0.00020850104278194096
2019-08-30,-0.013524878563304149
2019-09-03,0.008366838456047989
2019-09-04,0.017700987121102955
2019-09-05,-0.0017293339671938697
2019-09-06,0.01762721018004822
2019-09-09,0.012718196095551977
2019-09-10,0.01874325690082705
2019-09-11,0.0006225673261085119
2019-09-12,0.003817197990644714
2019-09-13,0.004872135976584304
2019-09-16,-0.0028907728745463284
2019-09-17,-0.005045055226267137
2019-09-18,-0.005076559145545598
2019-09-19,-0.0012860391582381055
2019-09-20,0.00020100032724194573
2019-09-23,-0.01378232604816863
2019-09-24,0.009708173681933377
2019-09-25,-0.00855981220931273
2019-09-26,-0.005467504115409314
2019-09-27,0.0006616278882153137
2019-09-30,-0.0170346007325499
2019-10-01,-0.01010059200830099
2019-10-02,0.002002225991030111
2019-10-03,0.010620525564645338
2019-10-04,-0.0030740505487918367
2019-10-07,-0.014720330011496375
2019-10-08,0.005700613530027726
2019-10-09,0.003397576750579795
2019-10-10,0.014926400614754271
2019-10-11,-0.002525820982763458
2019-10-14,0.009462395247665177
2019-10-15,0.001687607022297507
2019-10-16,0.009416270104566716
2019-10-17,-0.0014671663547708132
2019-10-18,0.00734572417329658
2019-10-21,-0.002784130580115792
2019-10-22,0.0018498771544393847
2019-10-23,0.001078707451883917
2019-10-24,0.0049181749176137116
2019-10-25,0.006748723649870767
2019-10-28,0.004703073429082466
2019-10-29,-0.0007736185044227711
2019-10-30,-0.005193542879062833
2019-10-31,0.013812653324801147
2019-11-01,0.0054818113848613525
2019-11-04,0.0029603448965397623
2019-11-05,-0.002712246746625012
2019-11-06,0.0014062963431981284
2019-11-07,0.0006668340499457201
2019-11-08,-0.0019502154596986068
2019-11-11,0.0011839854066001832
2019-11-12,-0.003986195015944565
2019-11-13,0.001552998758361858
2019-11-14,0.003441356434346139
2019-11-15,-0.0007570839294667122
2019-11-18,0.002169900141753574
2019-11-19,-0.004490895997266264
2019-11-20,-0.005447225160874675
2019-11-21,0.002590521085284598
2019-11-22,0.014854610752525305
2019-11-25,-0.0008780838516946974
2019-11-26,0.004978600893712646
2019-11-27,-0.004485736429969902
2019-11-29,-0.009210205317404671
2019-12-02,-0.005275225659683847
2019-12-03,0.0054984006818220065
2019-12-04,0.006125505267584934
2019-12-05,0.010914356384998297
2019-12-06,-0.0021183872845109385
2019-12-09,0.000972029590846965
2019-12-10,0.0028123738915315387
2019-12-11,0.011087777563721826
2019-12-12,-0.002725058797794942
2019-12-13,0.005607141797912477
2019-12-16,0.0047873096646019395
2019-12-17,0.0008619083243893129
2019-12-18,0.001760397011233616
2019-12-19,0.0032670384349710122
2019-12-20,-0.0024394451351890003
2019-12-23,0.0007195444946085864
2019-12-24,0.0005534938637871789
2019-12-26,-0.0036737632117041226
2019-12-27,0.00023362748165831046
2019-12-30,0.001515513746440757
2019-12-31,0.0026254992927655227
2020-01-02,-0.003272059403837217
2020-01-03,0.0006013641135144079
2020-01-06,-0.004175013745248557
2020-01-07,0.0031985129691130816
2020-01-08,2.2021203659129584e-05
2020-01-09,-0.0032468596066030225
2020-01-10,0.00866943834535603
2020-01-13,0.0023762732745644917
2020-01-14,0.0028998975970558434
2020-01-15,0.01312887991274218
2020-01-16,-0.0019427737961484719
2020-01-17,-0.005505331904251868
2020-01-21,-0.0005585743295290209
2020-01-22,0.0025591910812479703
2020-01-23,-0.009805095729953812
2020-01-24,-0.0077935690998785735
2020-01-27,0.004938221779443808
2020-01-28,-0.005129462795122718
2020-01-29,0.003418063330366844
2020-01-30,-0.020125195956123
2020-01-31,0.007608599869874936
2020-02-03,0.010105928584141527
2020-02-04,0.015553165594799627
2020-02-05,-0.005789103401220422
2020-02-06,-0.010293662836452472
2020-02-07,0.0063803101041871296
2020-02-10,0.007561280285561361
2020-02-11,0.0036676172994491107
2020-02-12,0.002308554365331102
2020-02-13,-0.003885009302224888
2020-02-14,-0.005496759993951449
2020-02-18,0.004536132586036384
2020-02-19,0.005354310569938091
2020-02-20,-0.007463765447576327
2020-02-21,-0.027804571471472896
2020-02-24,-0.03240645838699813
2020-02-25,-0.012731908187864118
2020-02-26,-0.03358103170564199
2020-02-27,-0.019072337525151233
2020-02-28,0.02970979042016477
2020-03-02,-0.02174383566577466
2020-03-03,0.025335369615295013
2020-03-04,-0.03743638954093345
2020-03-05,-0.01806046442023302
2020-03-06,-0.10177358127005418
2020-03-09,0.03056835914804066
2020-03-10,-0.057682132760199414
2020-03-11,-0.11676057699578457
2020-03-12,0.08071321919607594
2020-03-13,-0.1330819834665704
2020-03-16,0.0543294416559279
2020-03-17,-0.12203874492885064
2020-03-18,0.07647179396971324
2020-03-19,-0.04694722919727822
2020-03-20,-0.021090569260972726
2020-03-23,0.10213221396406524
2020-03-24,0.02987748408936412
2020-03-25,0.07075258792625794
2020-03-26,-0.04361088235180968
2020-03-27,0.019168497962495354
2020-03-30,-0.0031034062135596296
2020-03-31,-0.06740928098687693
2020-04-01,0.004151394209418601
2020-04-02,-0.03757187421660825
2020-04-03,0.094700889864529
2020-04-06,0.021919188088943047
2020-04-07,0.05786252874913634
2020-04-08,0.053254127484747414
2020-04-09,-0.034253737276975796
2020-04-13,0.007484691096865625
2020-04-14,-0.051340502779875334
2020-04-15,-0.020189620448316417
2020-04-16,0.06024597157631697
2020-04-17,-0.023825927865184317
2020-04-20,-0.021704858206329593
2020-04-21,0.007719789040274488
2020-04-22,0.020278635666882823
2020-04-23,0.010006878897647767
2020-04-24,0.05154485048206359
2020-04-27,0.02973403485237977
2020-04-28,0.06646530078824707
2020-04-29,-0.03944449917628533
2020-04-30,-0.04285348408735927
2020-05-01,-0.00571028437006372
2020-05-04,-0.003421089015951767
2020-05-05,-0.020678617587516504
2020-05-06,0.021065303209228742
2020-05-07,0.05064602264430008
2020-05-08,-0.025630080681860484
2020-05-11,-0.037811901925570754
2020-05-12,-0.04403383374377859
2020-05-13,0.011933244945062885
2020-05-14,0.010611845894864651
2020-05-15,0.08719473679688791
2020-05-18,-0.021404007061263865
2020-05-19,0.03547579044171137
2020-05-20,0.0018391287734408491
2020-05-21,-0.0030194296542296094
2020-05-22,0.05262495589965384
2020-05-26,0.0453230306824137
2020-05-27,-0.03082223561053077
2020-05-28,-0.015017455398315357
2020-05-29,0.013756724973820317
2020-06-01,0.013391339531424011
2020-06-02,0.044267256324430376
2020-06-03,0.0187305450927547
2020-06-04,0.04836209034359655
2020-06-05,0.035071017511209765
2020-06-08,-0.025703303420673906
2020-06-09,-0.04278626586312852
2020-06-10,-0.08703973587197386
2020-06-11,0.031180355287402282
2020-06-12,0.014633271091789538
2020-06-15,0.028160744508787902
2020-06-16,-0.02615753860631986
2020-06-17,-0.0032606508519224297
2020-06-18,-0.011018506938774725
2020-06-19,0.004336757632074793
2020-06-22,0.004285559338761338
2020-06-23,-0.04212881724993571
2020-06-24,0.018016165986052338
2020-06-25,-0.030752602032510817
2020-06-26,0.04325608530095243
2020-06-29,0.012410461242304525
2020-06-30,-0.02056202563433176
2020-07-01,0.0035975239917636326
2020-07-02,0.012976398765038779
2020-07-06,-0.024726694419436278
2020-07-07,0.0025826383720793664
2020-07-08,-0.025637604052624
2020-07-09,0.025011324045160207
2020-07-10,-0.00045816715750409824
2020-07-13,0.0104724353596015
2020-07-14,0.04095388682663478
2020-07-15,-0.0032994547599053056
2020-07-16,-0.0019994580975083794
2020-07-17,-0.011947474554060485
2020-07-20,0.02889172804650616
2020-07-21,-0.0031984317788881092
2020-07-22,0.00788831837091171
2020-07-23,-0.01263595140925517
2020-07-24,0.0009375094250451219
2020-07-27,-0.0033698915356906063
2020-07-28,0.0232064579415778
2020-07-29,-0.009954973249512963
2020-07-30,-0.009935716865662345
2020-07-31,0.010360591435024488
2020-08-03,0.008471045816788876
2020-08-04,0.0187105408117186
2020-08-05,-0.00047633926829271443
2020-08-06,0.025871269663790598
2020-08-07,0.014597263383619257
2020-08-10,0.0031627956663614065
2020-08-11,0.0020640772176140237
2020-08-12,-0.008958320610865694
2020-08-13,0.005818412377748994
2020-08-14,-0.0027854603600623797
2020-08-17,-0.014480052211132575
2020-08-18,0.001211288181287053
2020-08-19,-0.00935432179330789
2020-08-20,-0.006718223503031713
2020-08-21,0.019537649215028034
2020-08-24,0.0008683945170883333
2020-08-25,-0.010067685134706655
2020-08-26,0.006833005338656125
2020-08-27,0.008036782636932676
2020-08-28,-0.012425975439868765
2020-08-31,0.005987618486812495
2020-09-01,0.00853912636393907
2020-09-02,-0.018805608895176372
2020-09-03,0.002945895495330172
2020-09-04,-0.02403848753312545
2020-09-08,0.006373109039193669
2020-09-09,-0.014075439525767428
2020-09-10,-0.0028892230193950106
2020-09-11,0.019905082797463638
2020-09-14,-0.004143008344581603
2020-09-15,0.009296120929146029
2020-09-16,-0.0031885786147432304
2020-09-17,-0.0035256111170907673
2020-09-18,-0.03618711650190804
2020-09-21,-0.000288631840520799
2020-09-22,-0.026008890042403178
2020-09-23,0.0030926756400063453
2020-09-24,0.01081370329111096
2020-09-25,0.02644224609856024
2020-09-28,-0.007139380477901323
2020-09-29,-9.670824767981951e-05
2020-09-30,0.007984706252258694
2020-10-01,0.01447493636866953
2020-10-02,0.02669506705738496
2020-10-05,-0.004031710683517932
2020-10-06,0.01866209120952207
2020-10-07,0.014634356652757762
2020-10-08,-5.996511000749431e-05
2020-10-09,0.008764828801479784
2020-10-12,-0.014996195119447338
2020-10-13,-0.007129344331155145
2020-10-14,0.011347818522987503
2020-10-15,-0.0045715477094970276
2020-10-16,-0.008431417776425493
2020-10-19,0.007926539177527694
2020-10-20,-0.0007074282280762877
2020-10-21,0.02039924391102261
2020-10-22,0.004637077689286154
2020-10-23,-0.022793808999348623
2020-10-26,-0.01899395680675424
2020-10-27,-0.030529234963179108
2020-10-28,0.014880755665809388
2020-10-29,-0.00930709972647389
2020-10-30,0.02298066823359768
2020-11-02,0.02769763998080018
2020-11-03,-0.018900353344457617
2020-11-04,0.03135256914594484
2020-11-05,-0.010803527932868548
2020-11-06,0.08215309889081206
2020-11-09,0.022774155595598262
2020-11-10,-0.006535412776212338
2020-11-11,-0.020861803225729766
2020-11-12,0.027332600389210322
2020-11-13,0.033966247246562345
2020-11-16,0.0037716495091058276
2020-11-17,-0.01005157128713785
2020-11-18,0.005178814970123371
2020-11-19,-0.0007806823620541625
2020-11-20,0.027167397283251835
2020-11-23,0.029804191797474316
2020-11-24,-0.008928935940347073
2020-11-25,-0.0007031137941592852
2020-11-27,-0.026399404464829412
2020-11-30,0.014096362990002016
2020-12-01,0.009716874875725338
2020-12-02,0.006549783625653689
2020-12-03,0.02871659769297348
2020-12-04,-0.007926554377333268
2020-12-07,0.016679128429590233
2020-12-08,-0.000263205606162015
2020-12-09,0.008720036928593035
2020-12-10,-0.009950824632154971
2020-12-11,-0.0016262402660890134
2020-12-14,0.021535283525197003
2020-12-15,-0.004747872741005643
2020-12-16,0.008215816411260282
2020-12-17,-0.008132444886524025
2020-12-18,-0.007445205492093785
2020-12-21,0.00014853444389972413
2020-12-22,0.01634033784823636
2020-12-23,-0.00014528676506211555
2020-12-24,0.004128610651270206
2020-12-28,-0.016077737345819416
2020-12-29,0.011365385652649522
2020-12-30,0.001999651182225992
2020-12-31,-0.0068218685437519385
2021-01-04,0.02062936619123467
2021-01-05,0.05055400534058757
2021-01-06,0.01138726479272759
2021-01-07,-0.007933698144201222
2021-01-08,0.0013739207022138297
2021-01-11,0.021618212415104844
2021-01-12,-0.007922001375318212
2021-01-13,0.019404892128467258
2021-01-14,-0.014188690213523727
2021-01-15,0.009274546285743469
2021-01-19,0.005346632927604157
2021-01-20,-0.00978341097234793
2021-01-21,0.011251762681656167
2021-01-22,0.0005822347070932002
2021-01-25,-0.0018924438780298486
2021-01-26,-0.018673294536273026
2021-01-27,0.006304470717949965
2021-01-28,-0.019472953300229908
2021-01-29,0.020175100999982404
2021-02-01,0.014764069324969136
2021-02-02,0.009964403419017918
2021-02-03,0.02114140159557739
2021-02-04,0.008450758907172673
2021-02-05,0.02520626040389263
2021-02-08,0.0060871155332999066
2021-02-09,0.0008243645074842003
2021-02-10,0.00028746664577652395
2021-02-11,0.00540907755029248
2021-02-12,0.005502685972608496
2021-02-16,-0.004872727959059541
2021-02-17,-0.01519760128116112
2021-02-18,0.019475544521953568
2021-02-19,0.009177893939824936
2021-02-22,-0.0044414908730533754
2021-02-23,0.029665218592941252
2021-02-24,-0.028136229874537278
2021-02-25,-0.010432780660004267
2021-02-26,0.03248564275057742
2021-03-01,-0.010111678630307132
2021-03-02,0.0050075218420201715
2021-03-03,-0.01966501294258572
2021-03-04,0.026449933453747854
2021-03-05,0.02074137656902174
2021-03-08,0.007071908375548468
2021-03-09,0.020564637013114263
2021-03-10,0.013541638663365224
2021-03-11,0.011830948929965283
2021-03-12,0.0010886049221353745
2021-03-15,-0.016032135346906173
2021-03-16,0.008175369119601109
2021-03-17,-0.015779377550106437
2021-03-18,0.004207489307396888
2021-03-19,-0.015406308171360992
2021-03-22,-0.03460778069342167
2021-03-23,-0.013635842269576766
2021-03-24,0.025046763081145593
2021-03-25,0.019924905449112747
2021-03-26,-0.026925088609890784
2021-03-29,0.01640892288682348
2021-03-30,0.0002356372820604847
2021-03-31,0.014340430544450163
2021-04-01,0.0019306025818803289
2021-04-05,-0.0016791063079185239
2021-04-06,-0.0113076190166302
2021-04-07,0.006350182891035085
2021-04-08,0.00044744336977341155
2021-04-09,-0.0053801724853259035
2021-04-12,-0.00850586487370187
2021-04-13,0.010219717810031243
2021-04-14,-0.0032531844436217623
2021-04-15,0.0030831525995030683
2021-04-16,-0.011289003627319352
2021-04-19,-0.02709605587399388
2021-04-20,0.028836870185124666
2021-04-21,-0.005427057592356038
2021-04-22,0.024192392430058753
2021-04-23,0.009840056282871153
2021-04-26,-0.0006175084569093144
2021-04-27,0.007929589257589277
2021-04-28,0.0010999506280225094
2021-04-29,-0.012750552584798505
2021-04-30,0.012686359388962929
2021-05-03,-0.007729202697676617
2021-05-04,-0.00023389788257254234
2021-05-05,0.0020468957783721905
2021-05-06,0.011716676876795094
2021-05-07,-0.025634926009050617
2021-05-10,-0.001990849416063866
2021-05-11,-0.028651944222640058
2021-05-12,0.01506257029576099
2021-05-13,0.02664191747758031
2021-05-14,0.0051756926331776205
2021-05-17,-0.0057893405102485435
2021-05-18,-0.00524984537788814
2021-05-19,0.005382513834743836
2021-05-20,0.005233501507085389
2021-05-21,0.0007738665172190031
2021-05-24,-0.019335690423367344
2021-05-25,0.021357879271495364
2021-05-26,0.014803628066920215
2021-05-27,-0.0007494035469574407
2021-05-28,0.016410200222989595
2021-06-01,0.0029223407638276615
2021-06-02,-0.004915242781799722
2021-06-03,0.0035637860133820045
2021-06-04,0.01205031338488127
2021-06-07,0.01076616554610503
2021-06-08,-0.007065139398430755
2021-06-09,-0.01166547212474408
2021-06-10,0.008710154703293432
2021-06-11,-0.006777199384185709
2021-06-14,-0.0016712649178454082
2021-06-15,0.0016145760401241327
2021-06-16,-0.019539884205397148
2021-06-17,-0.02629642617588103
2021-06-18,0.021228009910163215
2021-06-21,0.0007494854908016635
2021-06-22,0.004235843521910973
2021-06-23,0.015574487050028618
2021-06-24,0.00030246835774853866
2021-06-25,-0.011197709853098179
2021-06-28,-0.005115216190430285
2021-06-29,0.0022584899946624464
2021-06-30,0.005267076106777491
2021-07-01,-0.011993239438530076
2021-07-02,-0.019930056082478026
2021-07-06,-0.004075221910808195
2021-07-07,-0.014884149704233088
2021-07-08,0.028916780216955602
2021-07-09,0.003349843660186068
2021-07-12,-0.0182503499478011
2021-07-13,-0.008046379147702138
2021-07-14,0.00029732742841975064
2021-07-15,-0.017898618658138306
2021-07-16,-0.02350626662264388
2021-07-19,0.0286807343151654
2021-07-20,0.01996887393953302
2021-07-21,-0.019055524991001077
2021-07-22,0.0011864695750369643
2021-07-23,0.010947835241601067
2021-07-26,-0.009293928615758219
2021-07-27,0.011112478709723338
2021-07-28,0.009308140574567862
2021-07-29,-0.008852584670878278
2021-07-30,-0.00560776831911753
2021-08-02,0.005782488372253921
2021-08-03,-0.016890389452089108
2021-08-04,0.017724778053872507
2021-08-05,0.015790896065947052
2021-08-06,-0.005783865730690148
2021-08-09,0.012572473649620379
2021-08-10,0.01215621550909711
2021-08-11,-0.004173548476261793
2021-08-12,-0.007970308786569182
2021-08-13,-0.009605237948625996
2021-08-16,-0.014714037050397706
2021-08-17,-0.008145342602795603
2021-08-18,-0.01323317537118475
2021-08-19,0.01582791347258395
2021-08-20,0.014250259341658569
2021-08-23,0.012734744516134482
2021-08-24,0.0047622021385419315
2021-08-25,-0.01213163676172542
2021-08-26,0.028810055879770882
2021-08-27,-0.01150645806390834
2021-08-30,0.005418131866829549
2021-08-31,-0.00021311791957615326
2021-09-01,0.002117742376440939
2021-09-02,-0.004821154508313294
2021-09-03,-0.00897462142304239
2021-09-07,-0.01200537380864438
2021-09-08,0.0009946776384294417
2021-09-09,-0.012507701737858423
2021-09-10,0.00991262420442431
2021-09-13,-0.01846624037048359
2021-09-14,0.012303664269863622
2021-09-15,-0.005179483270062072
2021-09-16,0.0015736978324018933
2021-09-17,-0.02154833906605505
2021-09-20,-0.0009021368392714714
2021-09-21,0.017024561771097964
2021-09-22,0.022254578237952613
2021-09-23,0.002040783998641289
2021-09-24,0.02648211095548207
2021-09-27,-0.013624784162288982
2021-09-28,0.002267725053376823
2021-09-29,-0.012172510671904956
2021-09-30,0.019811087339983137
2021-10-01,-0.007505412474414547
2021-10-04,0.006417555631318923
2021-10-05,-0.005056068794515272
2021-10-06,0.015497670081061286
2021-10-07,-0.0028345088612708315
2021-10-08,-0.006875918630619162
2021-10-11,0.004047173296397872
2021-10-12,-0.001332703393742023
2021-10-13,0.009992468900339224
2021-10-14,-0.0025072995851083716
2021-10-15,-0.00038642475182435094
2021-10-18,0.003763094611104397
2021-10-19,0.009089031575125667
2021-10-20,0.0010940020932291997
2021-10-21,-0.0004392073266978283
2021-10-22,0.006768282586513961
2021-10-25,-0.008607852088475258
2021-10-26,-0.01719489429754028
2021-10-27,0.019411802323509964
2021-10-28,0.00012246322781846956
2021-10-29,0.02267799672911988
2021-11-01,-0.004007100289537423
2021-11-02,0.019805205621551407
2021-11-03,-0.005505702791441769
2021-11-04,0.015794234974013513
2021-11-05,0.0027529720908708614
2021-11-08,-0.0042775600844652635
2021-11-09,-0.007617112152063879
2021-11-10,0.009155711840581088
2021-11-11,-0.0024281809830646686
2021-11-12,-0.001589685252427845
2021-11-15,-0.0017231605741408283
2021-11-16,-0.009880934061634506
2021-11-17,-0.006356652978925174
2021-11-18,-0.008571212809313854
2021-11-19,0.0031516193953009023
2021-11-22,0.0010839996301096099
2021-11-23,-0.0010052508562966023
2021-11-24,-0.03458499514604252
2021-11-26,-0.005621110046295586
2021-11-29,-0.019943858809337474
2021-11-30,-0.015531627600701025
2021-12-01,0.029678528995342672
2021-12-02,-0.01811297341910373
2021-12-03,0.021200610494518875
2021-12-06,0.01728287761200494
2021-12-07,0.006187627486209914
2021-12-08,-0.016574950336102557
2021-12-09,-0.002226812613810856
2021-12-10,-0.013767572800125985
2021-12-13,-0.005347620269648553
2021-12-14,0.01402665944162226
2021-12-15,-0.010236977782368201
2021-12-16,0.0003613836137157234
2021-12-17,-0.018778932704171906
2021-12-20,0.027147297984886312
2021-12-21,0.00965933750825684
2021-12-22,0.00815953867375463
2021-12-23,0.009290176874711264
2021-12-27,-0.0030281153343112823
2021-12-28,0.003907025560530205
2021-12-29,-0.00012214048371871641
2021-12-30,0.0007288795643940293
2021-12-31,0.01259831202301414
2022-01-03,0.006783443692555655
2022-01-04,-0.021457825582422416
2022-01-05,0.011760714817556889
2022-01-06,-0.0034189087084864024
2022-01-07,-0.005952806578829364
2022-01-10,0.005835080527179721
2022-01-11,-0.004016385752606159
2022-01-12,-0.0006912373401529229
2022-01-13,0.002502783818120529
2022-01-14,-0.0218660562699317
2022-01-18,-0.01821343650500562
2022-01-19,-0.019032784090652462
2022-01-20,-0.016007088197592546
2022-01-21,0.017732588631753594
2022-01-24,-0.004786571532673242
2022-01-25,-0.011317081145526521
2022-01-26,-0.019507167986274398
2022-01-27,0.015056508683733831
2022-01-28,0.024068528368593013
2022-01-31,0.010665614702543248
2022-02-01,-0.010119377974867626
2022-02-02,-0.01418353721242904
2022-02-03,0.007443646810400585
2022-02-04,0.004206211919918135
2022-02-07,0.01895776603605096
2022-02-08,0.008233544990747192
2022-02-09,-0.011411273474288872
2022-02-10,-0.006574825883240423
2022-02-11,-0.0062243295005265575
2022-02-14,0.028460135394937545
2022-02-15,0.0024104494582041992
2022-02-16,-0.020927035076841044
2022-02-17,-0.005132548949294552
2022-02-18,-0.014902820820614032
2022-02-22,-0.014092876470030383
2022-02-23,0.00940489874783505
2022-02-24,0.022892586603127388
2022-02-25,0.0002700505822692942
2022-02-28,-0.0231006314699442
2022-03-01,0.029197797193375702
2022-03-02,-0.006979242276652399
2022-03-03,-0.01652663450129136
2022-03-04,-0.02388197956791341
2022-03-07,0.007031704027310603
2022-03-08,0.025072456296787934
2022-03-09,-0.0031374175631736024
2022-03-10,-0.012398720956405054
2022-03-11,-0.011515787596809518
2022-03-14,0.010140955322560045
2022-03-15,0.029894314188665512
2022-03-16,0.010484503064671413
2022-03-17,0.0062890654329874635
2022-03-18,-0.006698344361536506
2022-03-21,0.011010749812250722
2022-03-22,-0.01897211573697799
2022-03-23,0.009312254774790453
2022-03-24,0.0045774464565452875
2022-03-25,-0.004065188595671096
2022-03-28,0.021660758814552768
2022-03-29,-0.016810052890182198
2022-03-30,-0.011121514867757155
2022-03-31,0.006930607915132099
2022-04-01,-0.0023161766030698567
2022-04-04,-0.020540386112401263
2022-04-05,-0.013669067309720123
2022-04-06,-0.007028992669384873
2022-04-07,-0.0013635898884666298
2022-04-08,-0.0028655905876164354
2022-04-11,0.0010217332301913984
2022-04-12,0.016330289555818278
2022-04-13,-0.005632212588626406
2022-04-14,-0.0022278878705868
2022-04-18,0.021013216000142065
2022-04-19,0.006711344179304679
2022-04-20,-0.01481821801031876
2022-04-21,-0.023092008047399783
2022-04-22,0.0009901535031763805
2022-04-25,-0.027599470208732477
2022-04-26,-0.0027475173214860523
2022-04-27,0.017442809673969578
2022-04-28,-0.024369979774792723
2022-04-29,0.008966307370465883
2022-05-02,0.010173775465014658
2022-05-03,0.026514744483940943
2022-05-04,-0.0308726069731898
2022-05-05,-0.011174690646141783
2022-05-06,-0.023025811136856773
2022-05-09,-0.0076597553433019275
2022-05-10,-0.01650804991955805
2022-05-11,0.010110654445838278
2022-05-12,0.022511739346119657
2022-05-13,-0.002748572870181926
2022-05-16,0.031167967858905993
2022-05-17,-0.027949834309461866
2022-05-18,-0.0066017624037485075
2022-05-19,-0.003977277240063184
2022-05-20,0.011995542358540258
2022-05-23,-0.010643379981436068
2022-05-24,0.020037913428081054
2022-05-25,0.02072695104966959
2022-05-26,0.023132034812774642
2022-05-27,-0.006047786232895872
2022-05-31,-0.004661625357937559
2022-06-01,0.017165986764425052
2022-06-02,-0.011187280123269187
2022-06-03,0.007964311611807232
2022-06-06,0.006127334925511097
2022-06-07,-0.012282458667787497
2022-06-08,-0.01943668505258754
2022-06-09,-0.027251090594884737
2022-06-10,-0.041709874292465574
2022-06-13,0.0006296434814981768
2022-06-14,0.012945573965575202
2022-06-15,-0.045368662489986715
2022-06-16,0.011995210539925975
2022-06-17,0.016162344612329013
2022-06-21,-0.0014170928126520234
2022-06-22,0.0018670460192145013
2022-06-23,0.029896193352152177
2022-06-24,0.003443198897478288
2022-06-27,-0.013144375256809166
2022-06-28,-0.012106978302820284
2022-06-29,-0.0033858221898680992
2022-06-30,0.013395549711557899
2022-07-01,-0.006798477994599412
2022-07-05,-0.013172472080980198
2022-07-06,0.019735637581051395
2022-07-07,-0.00198788335363638
2022-07-08,-0.01273422739798975
2022-07-11,0.00073742690300312
2022-07-12,-0.004020812538939318
2022-07-13,-0.01569216772733176
2022-07-14,0.02349405930460774
2022-07-15,0.006353989897829178
2022-07-18,0.03442057765235241
2022-07-19,0.010379026215134948
2022-07-20,-0.0012961390557475847
2022-07-21,-0.00837478109256638
2022-07-22,0.013144207903181469
2022-07-25,-0.0063585627088319045
2022-07-26,0.023327530457169864
2022-07-27,0.006606931996587892
2022-07-28,0.010680325128607632
2022-07-29,0.0008893812089013402
2022-08-01,-0.010457050132006469
2022-08-02,0.009571677402602504
2022-08-03,-0.007664209727652931
2022-08-04,0.006034635737751946
2022-08-05,0.009167920586833384
2022-08-08,-0.00507734054139913
2022-08-09,0.022813673405460266
2022-08-10,0.012678442110300461
2022-08-11,0.01654408225151789
2022-08-12,0.000929763517772264
2022-08-15,0.005571089367230884
2022-08-16,-0.011806284950257344
2022-08-17,0.008060178898210622
2022-08-18,-0.01795978905650039
2022-08-19,-0.02202799818261482
2022-08-22,0.0011806863449073256
2022-08-23,0.0019016610286578272
2022-08-24,0.016305105823047648
2022-08-25,-0.026739533710385288
2022-08-26,-0.008361009429079651
2022-08-29,-0.013978634048337515
2022-08-30,-0.008424486775091621
2022-08-31,-0.010658919146581177
2022-09-01,-0.0036873715105146306
2022-09-02,-0.011502043312992656
2022-09-06,0.015258793392442087
2022-09-07,0.005348699546560419
2022-09-08,0.019825767341257378
2022-09-09,0.011882106227602642
2022-09-12,-0.03621809574871028
2022-09-13,0.00046190970240420754
2022-09-14,-0.0031971397557674533
2022-09-15,-0.0073708573914891265
2022-09-16,0.010821613016170746
2022-09-19,-0.014281257946577147
2022-09-20,-0.015006304905756964
2022-09-21,-0.021160420590404936
2022-09-22,-0.028011494146262375
2022-09-23,-0.01782000504443861
2022-09-26,-0.002662302137981695
2022-09-27,0.02300684219368418
2022-09-28,-0.02300905758969214
2022-09-29,-0.008361924539677596
2022-09-30,0.031180540176304908
2022-10-03,0.04251513245245726
2022-10-04,-0.010704224844666965
2022-10-05,-0.010105499823146975
2022-10-06,-0.024699987837545206
2022-10-07,-0.0029794533536504036
2022-10-10,0.003006949291708842
2022-10-11,-0.004159220767121195
2022-10-12,0.03007367981003619
2022-10-13,-0.0190548351557126
2022-10-14,0.02735252428577558
2022-10-17,0.01041625978285902
2022-10-18,-0.016447809814290046
2022-10-19,-0.013827265607148278
2022-10-20,0.02202735025681183
2022-10-21,0.0061730569244968225
2022-10-24,0.025467303759343998
2022-10-25,0.0034505807931522322
2022-10-26,0.002886314112416077
2022-10-27,0.022986544766774017
2022-10-28,-0.0010274887762520928
2022-10-31,0.0034524363317602613
2022-11-01,-0.027195492123436922
2022-11-02,-0.0077262032053403585
2022-11-03,0.0194833445239143
2022-11-04,0.008939888919474268
2022-11-07,0.0015896080012004368
2022-11-08,-0.021573249462982905
2022-11-09,0.057892214758997036
2022-11-10,0.008335060154564575
2022-11-11,-0.013167420177186702
2022-11-14,0.011387927450941328
2022-11-15,-0.01693357789960543
2022-11-16,-0.0025008492051601713
2022-11-17,0.006918812269342491
2022-11-18,-0.0024479222571557437
2022-11-21,0.009895598574680474
2022-11-22,0.0007911047889451829
2022-11-23,0.005074405517736054
2022-11-25,-0.018833293308998293
2022-11-28,0.003949168397421934
2022-11-29,0.02167359230508261
2022-11-30,-0.003220415425015375
2022-12-01,0.005112503421929884
2022-12-02,-0.02678024181897503
2022-12-05,-0.009090105328636553
2022-12-06,-0.007374619685531507
2022-12-07,0.004399370522291685
2022-12-08,-0.007503082247662186
2022-12-09,0.009957693918289899
2022-12-12,0.0045252126423041515
2022-12-13,-0.006661992185577153
2022-12-14,-0.023731834247410488
2022-12-15,-0.008708194948247188
2022-12-16,-0.009344964041432764
2022-12-19,0.005283693503379749
2022-12-20,0.016325749591176515
2022-12-21,-0.01080295780442975
2022-12-22,0.0070893482659647586
2022-12-23,-0.0028536350435238314
2022-12-27,-0.016810231616495162
2022-12-28,0.02246914538974848
2022-12-29,-0.0019071174347036757
2022-12-30,0.0006910134296714606
2023-01-03,0.016534834781390957
2023-01-04,-0.0061132874203953
2023-01-05,0.02621326098202553
2023-01-06,-4.438937711992788e-05
2023-01-09,0.015273341740907144
2023-01-10,0.0100239933562388
2023-01-11,0.01350529756944437
2023-01-12,0.005214947932761241
2023-01-13,-0.003560599961297645
2023-01-17,-0.018581114013024196
2023-01-18,-0.007920718735265793
2023-01-19,0.01852854014990265
2023-01-20,0.010431151678393421
2023-01-23,-0.0045497489708287275
2023-01-24,0.0027537221610613467
2023-01-25,0.004410228324088713
2023-01-26,0.004959190755225976
2023-01-27,-0.010200343037041348
2023-01-30,0.02588789378502127
2023-01-31,0.01117892173170856
2023-02-01,0.018496720068509758
2023-02-02,-0.003106726842933532
2023-02-03,-0.013355473015868962
2023-02-06,0.006774791302983542
2023-02-07,-0.012120813080514003
2023-02-08,-0.014085665305697909
2023-02-09,0.0012498730129523298
2023-02-10,0.012263316082762583
2023-02-13,-0.0042729741629668125
2023-02-14,0.010666079990797744
2023-02-15,-0.0068453945519924685
2023-02-16,0.0026267366407791027
2023-02-17,-0.027580501394097446
2023-02-21,0.0015043738082950637
2023-02-22,0.004745603072980444
2023-02-23,-0.007024687311652177
2023-02-24,0.00301455500982021
2023-02-27,0.0014605253579302062
2023-02-28,0.003538973535174389
2023-03-01,-0.00018936581574986267
2023-03-02,0.01195077616153974
2023-03-03,-0.015262475508581124
2023-03-06,-0.013224196586404939
2023-03-07,0.0002563291785868386
2023-03-08,-0.03415782045010628
2023-03-09,-0.0268050938772823
2023-03-10,-0.03877558331367924
2023-03-13,0.01730897217505735
2023-03-14,-0.01919490176760953
2023-03-15,0.016236592625280828
2023-03-16,-0.035963664231674186
2023-03-17,0.010501556752046573
2023-03-20,0.02614461641278034
2023-03-21,-0.029652842912436778
2023-03-22,-0.011771663723465145
2023-03-23,0.01076058712795662
2023-03-24,0.012463721028820218
2023-03-27,-7.151015407534758e-05
2023-03-28,0.009796967149810336
2023-03-29,-0.0050694633827625445
2023-03-30,0.018327311798165186
2023-03-31,-0.002548728047033499
2023-04-03,-0.021041744391479746
2023-04-04,-0.009002204761565328
2023-04-05,0.003890819224267216
2023-04-06,0.009538422607292367
2023-04-10,0.008880729900259126
2023-04-11,-0.007364820619994063
2023-04-12,0.010708527785854384
2023-04-13,-0.00932549381649884
2023-04-14,0.012323559270488615
2023-04-17,-0.007821045301411079
2023-04-18,0.006234641546856455
2023-04-19,-0.009512589384468844
2023-04-20,-0.0037089160864375876
2023-04-21,-0.0017881473886681633
2023-04-24,-0.027306342599920434
2023-04-25,-0.005328503467217308
2023-04-26,0.01524666783179278
2023-04-27,0.011134077876182837
2023-04-28,-0.004438444148420441
2023-05-01,-0.02958462719372578
2023-05-02,-0.0032781653582572663
2023-05-03,-0.019521861011611498
2023-05-04,0.0325123605340633
2023-05-05,-0.006207258616097102
2023-05-08,-0.0023780746021766514
2023-05-09,0.00038113676229230124
2023-05-10,-0.009054651590693989
2023-05-11,-0.0037892913962046786
2023-05-12,0.012733099643237043
2023-05-15,-0.016948852453982817
2023-05-16,0.037635896957897666
2023-05-17,0.00801887278154537
2023-05-18,-0.008367642872885033
2023-05-19,0.013602549162288756
2023-05-22,0.002178490920906247
2023-05-23,-0.016899055047414197
2023-05-24,-0.008422116953133727
2023-05-25,0.01048019567610296
2023-05-26,-0.0016720548062407776
2023-05-30,-0.01782409485416593
2023-05-31,0.012308536515100294
2023-06-01,0.048304639608044764
2023-06-02,-0.019268328067611473
2023-06-05,0.03394950299757775
2023-06-06,0.025088010806727318
2023-06-07,-0.006371127637148568
2023-06-08,-0.009537353404780347
2023-06-09,0.0011068758732034809
2023-06-12,0.013978811128831672
2023-06-13,-0.01564610027782597
2023-06-14,0.011156311834052562
2023-06-15,-0.00864057510942726
2023-06-16,-0.008306305665346046
2023-06-20,-0.0021306583520151155
2023-06-21,-0.011414162227082449
2023-06-22,-0.013426205799185482
2023-06-23,0.006063150534237426
2023-06-26,0.012362475701059429
2023-06-27,-6.306135039601962e-05
2023-06-28,0.01559130563351174
2023-06-29,-0.0014454410504158531
2023-06-30,0.013929796525328792
2023-07-03,-0.014618362512160792
2023-07-05,-0.014803346924764243
2023-07-06,0.012252215562189053
2023-07-07,0.011358309620121493
2023-07-10,0.008849398417810284
2023-07-11,0.011397159959574823
2023-07-12,0.009177952715429864
2023-07-13,-0.008837882262793199
2023-07-14,0.007005187099904267
2023-07-17,0.012776667762621069
2023-07-18,0.008252310652834457
2023-07-19,-0.004835055039629425
2023-07-20,-0.0058972856285932455
2023-07-21,0.005909371937414073
2023-07-24,-0.002758104944252121
2023-07-25,0.011845494133884821
2023-07-26,-0.008727069195740626
2023-07-27,0.009418471930946432
2023-07-28,0.007673257460578472
2023-07-31,-0.004095632453233129
2023-08-01,-0.008802679207855898
2023-08-02,-0.0008494170449990567
2023-08-03,-0.00028784324709005195
2023-08-04,0.004971753498558265
2023-08-07,-0.006410257221904678
2023-08-08,-0.009141523472196681
2023-08-09,-0.006644457693375759
2023-08-10,0.001678095381290966
2023-08-11,-0.005088865961831067
2023-08-14,-0.015671022882605426
2023-08-15,-0.009911814637345381
2023-08-16,-0.0066885633506675885
2023-08-17,0.0037790608026692547
2023-08-18,-0.0050803176157559
2023-08-21,-0.006868615664540712
2023-08-22,0.010818377923204035
2023-08-23,-0.006704068510600637
2023-08-24,-0.0018604984847973057
2023-08-25,0.010103795938362732
2023-08-28,0.012037554423168024
2023-08-29,0.0023719585754468863
2023-08-30,-0.0030949983579650103
2023-08-31,0.010174649678049458
2023-09-01,-0.025052425010494386
2023-09-05,-0.006112177381207514
2023-09-06,-0.010943681370156843
2023-09-07,0.00023039442283195936
2023-09-08,-0.000705788293583498
2023-09-11,0.0002797406882927839
2023-09-12,-0.005291125770584464
2023-09-13,0.016291855094108677
2023-09-14,-0.007873379844134713
2023-09-15,-0.009240842365295317
2023-09-18,-0.002006579390355462
2023-09-19,-0.0053206771629175816
2023-09-20,-0.01286662653659431
2023-09-21,-0.003848301456891574
2023-09-22,0.0027735525432136935
2023-09-25,-0.014002087635599503
2023-09-26,0.0042868465083458
2023-09-27,0.0076843870898556646
2023-09-28,-0.0028240936793302984
2023-09-29,-0.013759482674669476
2023-10-02,-0.017521813136829007
2023-10-03,0.005248258992375398
2023-10-04,0.003661229081270179
2023-10-05,0.003157809098757469
2023-10-06,0.003083495333836673
2023-10-09,0.011715008269944292
2023-10-10,0.0011635265903270902
2023-10-11,-0.019153322945231685
2023-10-12,-0.012349880416473825
2023-10-13,0.0175101460301689
2023-10-16,0.015388674312072706
2023-10-17,-0.023233470453262885
2023-10-18,-0.014990695995395167
2023-10-19,-0.014434174738062404
2023-10-20,-0.008604484077909274
2023-10-23,0.002771137400688118
2023-10-24,-0.01188605520924523
2023-10-25,0.011274399960093176
2023-10-26,-0.014237878943001244
2023-10-27,0.010762747417848346
2023-10-30,0.00714833389685975
2023-10-31,0.003931638177739012
2023-11-01,0.034439222537004446
2023-11-02,0.029830105309036493
2023-11-03,-0.01147086063542854
2023-11-06,-0.005498122576973623
2023-11-07,-0.007684905834449704
2023-11-08,-0.015995140575134695
2023-11-09,0.006547097530615029
2023-11-10,-0.0025777896112632462
2023-11-13,0.057926057356627564
2023-11-14,0.004268542713549529
2023-11-15,-0.015041491235691793
2023-11-16,0.012788299354917723
2023-11-17,0.003342442586061717
2023-11-20,-0.01180851985325948
2023-11-21,0.003894668438597749
2023-11-22,0.005476441827007102
2023-11-24,-0.0025586572176149705
2023-11-27,-0.0021217478897784057
2023-11-28,0.009336900193906527
2023-11-29,0.001465395752147206
2023-11-30,0.03495292786347805
2023-12-01,0.011059947131810181
2023-12-04,-0.013513610675509807
2023-12-05,-0.0012148092686180237
2023-12-06,0.013454515244220786
2023-12-07,0.009203106226738434
2023-12-08,0.0009247871058994453
2023-12-11,-0.0032748359575292623
2023-12-12,0.041913951445970626
2023-12-13,0.02908536293373995
2023-12-14,-0.010995506213503124
2023-12-15,-0.004351310978202623
2023-12-18,0.018462354870745837
2023-12-19,-0.014953128473997462
2023-12-20,0.015011797749284756
2023-12-21,0.006872428061921069
2023-12-22,0.010484589444881075
2023-12-26,0.0036333799795225698
2023-12-27,-0.0015124129644920549
2023-12-28,-0.01379875016195398
2023-12-29,-0.0031786830622726613
2024-01-02,-0.026889498057966157
2024-01-03,0.00048264603997857014
2024-01-04,0.0014081200518621792
2024-01-05,0.0065114223337445895
2024-01-08,-0.011097555929275022
2024-01-09,0.003434561890234872
2024-01-10,-0.005098701490498478
2024-01-11,-0.000990916248251503
2024-01-12,-0.012714135091339767
2024-01-16,-0.005456012326214875
2024-01-17,0.0036269328696537343
2024-01-18,0.010547986602733197
2024-01-19,0.017479096459754703
2024-01-22,-0.0038580276165588773
2024-01-23,0.00054089112643407
2024-01-24,0.006709637177985154
2024-01-25,0.002254245599953349
2024-01-26,0.007293312795327336
2024-01-29,-0.004541438579938342
2024-01-30,-0.02402033532570446
2024-01-31,0.001668416880329465
2024-02-01,-0.008342334011862415
2024-02-02,-0.012901235779962066
2024-02-05,0.002266210973193809
2024-02-06,-0.0036217696966863505
2024-02-07,0.006991817924226202
2024-02-08,0.01010761747743883
2024-02-09,0.01731804084817476
2024-02-12,-0.03674533113370408
2024-02-13,0.016954024146274727
2024-02-14,0.024889706932191016
2024-02-15,-0.009525408780798817
2024-02-16,-0.008248706370161323
2024-02-20,-0.0011939528319601994
2024-02-21,0.0013434739117794286
2024-02-22,0.005115619873332028
2024-02-23,-0.002153645806790367
2024-02-26,0.005713885410198259
2024-02-27,-0.004629739836383445
2024-02-28,0.008724126270612087
2024-02-29,0.0010992278932741152
2024-03-01,-0.0035733392498193428
2024-03-04,0.0038072153203451108
2024-03-05,0.00360224708421497
2024-03-06,0.004137864876861954
2024-03-07,0.0017110066939731395
2024-03-08,-0.001580983301319792
2024-03-11,-0.001923620263408032
2024-03-12,0.0032269402314795354
2024-03-13,-0.01751846631552842
2024-03-14,0.006124644207468948
2024-03-15,-0.005320593817945555
2024-03-18,0.0073530555288645735
2024-03-19,0.01878331570655673
2024-03-20,0.008614970159101462
2024-03-21,-0.012709753532621921
2024-03-22,0.001197082863224713
2024-03-25,-0.004001276220026636
2024-03-26,0.022427081475680087
2024-03-27,0.007203902789341582
2024-03-28,-0.012278655069117829
2024-04-01,-0.01162637859152108
2024-04-02,0.0027828590330107525
2024-04-03,-0.007359891188743811
2024-04-04,0.00027472260160165914
2024-04-05,0.008806662393898664
2024-04-08,0.0035136959758991903
2024-04-09,-0.03403853958274733
2024-04-10,0.002348019115453759
2024-04-11,-0.015154829083658294
2024-04-12,-0.010984464254772749
2024-04-15,-0.009742739718739395
2024-04-16,-0.004939031787511363
2024-04-17,0.0016991881830400292
2024-04-18,0.013884894144950751
2024-04-19,0.008973107296187501
2024-04-22,0.01660944398173214
2024-04-23,-0.00018346660923935837
2024-04-24,-0.01244680397595039
2024-04-25,0.005019272005715411
2024-04-26,0.00322164714479632
2024-04-29,-0.014636729943508137
2024-04-30,0.012192749695601269
2024-05-01,0.013368130467766453
2024-05-02,0.0074546660437617394
2024-05-03,0.008134994095233376
2024-05-06,-0.0012078072522323394
2024-05-07,0.0021202994597134548
2024-05-08,0.008292177928826878
2024-05-09,-0.004825768753156089
2024-05-10,0.005544516763392579
2024-05-13,0.013506757866260249
2024-05-14,0.0022393174974109824
2024-05-15,-0.002289287119170497
2024-05-16,-0.0024995772016465564
2024-05-17,-0.006734585179128492
2024-05-20,-0.0016852232277629986
2024-05-21,-0.005871019250427326
2024-05-22,-0.01856124211266292
2024-05-23,0.008054119024641067
2024-05-24,-0.0017258061434493625
2024-05-28,-0.015016717409655728
2024-05-29,0.013658031428882531
2024-05-30,0.011535413070523633
2024-05-31,-0.0038284742280490338
2024-06-03,-0.012845036177473595
2024-06-04,0.01153323358633319
2024-06-05,-0.0032901370334934166
2024-06-06,-0.011179832678663525
2024-06-07,-0.007068223135451249
2024-06-10,-0.0043508473970192306
2024-06-11,0.015579796690344186
2024-06-12,-0.010082609245399825
2024-06-13,-0.014193337471755076
2024-06-14,0.008788124848777001
2024-06-17,-0.00104179226203649
2024-06-18,0.0012205899527879074
2024-06-20,0.0007467268989521565
2024-06-21,0.007297820383475581
2024-06-24,-0.009885298162504783
2024-06-25,0.0021422488987398003
2024-06-26,0.007472346444539651
2024-06-27,0.01332750065869129
2024-06-28,-0.009557789587724238
2024-07-01,0.006551460732550041
2024-07-02,0.0001076718455555142
2024-07-03,-0.011913500682450371
2024-07-05,0.00520146278351096
2024-07-08,-0.0032479255478934143
2024-07-09,0.013105573122791434
2024-07-10,0.036845810051799835
2024-07-11,0.00824290817820936
2024-07-12,0.01446698966118139
2024-07-15,0.035785380136696215
2024-07-16,-0.001848584906854827
2024-07-17,-0.016086083446519683
2024-07-18,-0.006921706581764895
2024-07-19,0.016721028657530862
2024-07-22,0.011593647628820036
2024-07-23,-0.017459063436627023
2024-07-24,0.012108044795823178
2024-07-25,0.017234478899425844
2024-07-26,-0.009574096447930735
2024-07-29,0.005269079500523075
2024-07-30,0.00606121327905332
2024-07-31,-0.029938830976451718
2024-08-01,-0.03486306262497616
2024-08-02,-0.033419076278790434
2024-08-05,0.010726024666265974
2024-08-06,-0.01399740483830346
2024-08-07,0.02036897566654626
2024-08-08,-0.004444344849776258
2024-08-09,-0.009557485756123373
2024-08-12,0.017463390750473318
2024-08-13,0.0003529890534286767
2024-08-14,0.02321676423211337
2024-08-15,0.007993231761630571
2024-08-16,0.013826858906284215
2024-08-19,-0.014066178685539117
2024-08-20,0.009832995550493419
2024-08-21,-0.006788715107252459
2024-08-22,0.03445374271679189
2024-08-23,-0.00033126616839847364
2024-08-26,-0.005275801412177266
2024-08-27,-0.0032984999950398048
2024-08-28,0.005046357363094465
2024-08-29,0.004250520072131262
2024-08-30,-0.024615243114822112
2024-09-03,-0.006292610898061234
2024-09-04,-0.0036711792933936064
2024-09-05,-0.016433413800757312
2024-09-06,0.0011351812484923119
2024-09-09,-0.004475508141969586
2024-09-10,-0.00027143749622584527
2024-09-11,0.010170801797826035
2024-09-12,0.022765043207403624
2024-09-13,0.0060611498422926385
2024-09-16,0.008308402361145762
2024-09-17,0.0019378235492773757
2024-09-18,0.019055689099038098
2024-09-19,-0.012435517595963468
2024-09-20,-0.002408696187922997
2024-09-23,0.0005090914313069999
2024-09-24,-0.012724219916214682
2024-09-25,0.011350604170466568
2024-09-26,0.004575994211168683
2024-09-27,0.003974905777191266
2024-09-30,-0.016223261985211124
2024-10-01,-0.0020813872460023457
2024-10-02,-0.007415539233537964
2024-10-03,0.01327615289141241
2024-10-04,-0.00838662420682135
2024-10-07,-0.0010069074128513632
2024-10-08,0.0045710842206538455
2024-10-09,-0.0020003738761028584
2024-10-10,0.020544524568978106
2024-10-11,0.005854127502212026
2024-10-14,0.0032752215555030355
2024-10-15,0.014325896776372561
2024-10-16,0.002970861929083313
2024-10-17,-0.00662417838258896
2024-10-18,-0.019503224895560896
2024-10-21,-0.0005805662057578103
2024-10-22,-0.005371365130441191
2024-10-23,0.0017624234180445046
2024-10-24,-0.010430268807258758
2024-10-25,0.01892174705488326
2024-10-28,-0.0029560330589526625
2024-10-29,0.0019672606456215243
2024-10-30,-0.015663410268332144
2024-10-31,0.0013671644219832887
2024-11-01,-0.0007235275964970356
2024-11-04,0.018310784386233125
2024-11-05,0.06709995035134653
2024-11-06,-0.013321263051649893
2024-11-07,0.006455970520429357
2024-11-08,0.01586498549347347
2024-11-11,-0.013070785913509238
2024-11-12,-0.008626018459536578
2024-11-13,-0.006390355296142397
2024-11-14,-0.0070530667147157815
2024-11-15,0.00030951818456911515
2024-11-18,0.0012927287416759144
2024-11-19,0.00011091396265114025
2024-11-20,0.014244500304865236
2024-11-21,0.016617419836507517
2024-11-22,0.0127011554435317
2024-11-25,-0.006762000120999017
2024-11-26,0.0004480144230029426
2024-11-27,-3.819448261999809e-05
2024-11-29,0.001542163185331831
2024-12-02,-0.00731568385353584
2024-12-03,0.005414283844292643
2024-12-04,-0.007924927480123604
2024-12-05,-0.0003276504826194965
2024-12-06,-0.0028971933000389934
2024-12-09,-0.0007924929626277088
2024-12-10,0.0023530630743471325
2024-12-11,-0.007678119203484235
2024-12-12,-0.005787082454893814
2024-12-13,0.0019002771717555452
2024-12-16,-0.013304796510484235
2024-12-17,-0.04201023743263636
2024-12-18,-0.0037334414191509124
2024-12-19,0.010189119486854893
2024-12-20,-0.00033492302194308455
2024-12-23,0.008855625652791126
2024-12-24,0.005673118777027765
2024-12-26,-0.012575829412434906
2024-12-27,-0.004982167027815745
2024-12-30,0.0036432106558496446
2024-12-31,0.0
