name,cost_bps,tax_mode,tax_rate,CAGR,MDD,Sharpe,Sortino,Calmar,WorstYear,WorstMonth,MaxTUW,MedianTUW,TradesPerYear,AnnualTurnover,FinalValue,NumDays
V0_Base_OFF10_CASH,0,Tax0,0.0,0.371556115845767,-0.4858894783499149,0.930709216184784,0.999517119686476,0.7646926562550292,-0.3476050242196702,-0.3338198003069883,568,3.0,3.2162162162162162,2.8945945945945946,149.9047368282491,3996
V0_Base_OFF10_CASH,0,Tax0,0.1,0.371556115845767,-0.4858894783499149,0.930709216184784,0.999517119686476,0.7646926562550292,-0.3476050242196702,-0.3338198003069883,568,3.0,3.2162162162162162,2.8945945945945946,149.9047368282491,3996
V0_Base_OFF10_CASH,0,Tax0,0.2,0.371556115845767,-0.4858894783499149,0.930709216184784,0.999517119686476,0.7646926562550292,-0.3476050242196702,-0.3338198003069883,568,3.0,3.2162162162162162,2.8945945945945946,149.9047368282491,3996
V0_Base_OFF10_CASH,0,Tax0,0.25,0.371556115845767,-0.4858894783499149,0.930709216184784,0.999517119686476,0.7646926562550292,-0.3476050242196702,-0.3338198003069883,568,3.0,3.2162162162162162,2.8945945945945946,149.9047368282491,3996
V0_Base_OFF10_CASH,0,TaxB,0.0,0.371556115845767,-0.4858894783499149,0.930709216184784,0.999517119686476,0.7646926562550292,-0.3476050242196702,-0.3338198003069883,568,3.0,3.2162162162162162,2.8945945945945946,149.9047368282491,3996
V0_Base_OFF10_CASH,0,TaxB,0.1,0.33797528695141876,-0.4888607988621295,0.8756168354584775,0.9091680718391361,0.691352809916624,-0.34760502421967054,-0.3338997468201328,594,3.0,3.2162162162162162,2.8945945945945946,101.18251193663009,3996
V0_Base_OFF10_CASH,0,TaxB,0.2,0.3052068784983093,-0.4918150951105882,0.8204869529287583,0.8205751610432577,0.6205724092906936,-0.34760502421967077,-0.33397968415722035,595,3.0,3.2162162162162162,2.8945945945945946,68.2879444285573,3996
V0_Base_OFF10_CASH,0,TaxB,0.25,0.28912124525023053,-0.49328588937269446,0.792909231834522,0.7771512470726104,0.5861129448034738,-0.34760502421967077,-0.3340196493850559,601,3.0,3.2162162162162162,2.8945945945945946,56.09756375026996,3996
V0_Base_OFF10_CASH,2,Tax0,0.0,0.37076043925158575,-0.4868304053791257,0.929412796568235,0.9974820730346157,0.7615802857729297,-0.3479628576348551,-0.33417831543317245,568,3.0,3.2162162162162162,2.8945945945945946,148.53166681747402,3996
V0_Base_OFF10_CASH,2,Tax0,0.1,0.37076043925158575,-0.4868304053791257,0.929412796568235,0.9974820730346157,0.7615802857729297,-0.3479628576348551,-0.33417831543317245,568,3.0,3.2162162162162162,2.8945945945945946,148.53166681747402,3996
V0_Base_OFF10_CASH,2,Tax0,0.2,0.37076043925158575,-0.4868304053791257,0.929412796568235,0.9974820730346157,0.7615802857729297,-0.3479628576348551,-0.33417831543317245,568,3.0,3.2162162162162162,2.8945945945945946,148.53166681747402,3996
V0_Base_OFF10_CASH,2,Tax0,0.25,0.37076043925158575,-0.4868304053791257,0.929412796568235,0.9974820730346157,0.7615802857729297,-0.3479628576348551,-0.33417831543317245,568,3.0,3.2162162162162162,2.8945945945945946,148.53166681747402,3996
V0_Base_OFF10_CASH,2,TaxB,0.0,0.37076043925158575,-0.4868304053791257,0.929412796568235,0.9974820730346157,0.7615802857729297,-0.3479628576348551,-0.33417831543317245,568,3.0,3.2162162162162162,2.8945945945945946,148.53166681747402,3996
V0_Base_OFF10_CASH,2,TaxB,0.1,0.33723998987952286,-0.48978789443273696,0.874388956188001,0.9072145598224163,0.6885429258518277,-0.3479628576348559,-0.3342526257942512,594,3.0,3.2162162162162162,2.8945945945945946,100.30435317181778,3996
V0_Base_OFF10_CASH,2,TaxB,0.2,0.3045295005447761,-0.49272848642649825,0.8193276753630419,0.8187760555761322,0.6180472794527655,-0.3479628576348551,-0.33432692822320664,600,3.0,3.2162162162162162,2.8945945945945946,67.7281260678178,3996
V0_Base_OFF10_CASH,2,TaxB,0.25,0.28847193022750095,-0.49419247595179916,0.7917842755020505,0.7754267959769793,0.5837238409425661,-0.34796285763485557,-0.33436407646339017,601,3.0,3.2162162162162162,2.8945945945945946,55.6511820589429,3996
V0_Base_OFF10_CASH,5,Tax0,0.0,0.36956752060771225,-0.48823889061441705,0.9274673269745533,0.9943897607743362,0.7569399482753933,-0.3484993624084264,-0.33471584691478296,569,3.0,3.2162162162162162,2.8945945945945946,146.49515072138777,3996
V0_Base_OFF10_CASH,5,Tax0,0.1,0.36956752060771225,-0.48823889061441705,0.9274673269745533,0.9943897607743362,0.7569399482753933,-0.3484993624084264,-0.33471584691478296,569,3.0,3.2162162162162162,2.8945945945945946,146.49515072138777,3996
V0_Base_OFF10_CASH,5,Tax0,0.2,0.36956752060771225,-0.48823889061441705,0.9274673269745533,0.9943897607743362,0.7569399482753933,-0.3484993624084264,-0.33471584691478296,569,3.0,3.2162162162162162,2.8945945945945946,146.49515072138777,3996
V0_Base_OFF10_CASH,5,Tax0,0.25,0.36956752060771225,-0.48823889061441705,0.9274673269745533,0.9943897607743362,0.7569399482753933,-0.3484993624084264,-0.33471584691478296,569,3.0,3.2162162162162162,2.8945945945945946,146.49515072138777,3996
V0_Base_OFF10_CASH,5,TaxB,0.0,0.36956752060771225,-0.48823889061441705,0.9274673269745533,0.9943897607743362,0.7569399482753933,-0.3484993624084264,-0.33471584691478296,569,3.0,3.2162162162162162,2.8945945945945946,146.49515072138777,3996
V0_Base_OFF10_CASH,5,TaxB,0.1,0.3361375397649706,-0.49117570651347386,0.8725463472608211,0.9043555727703042,0.6843529419461419,-0.3484993624084266,-0.3347817138021312,594,3.0,3.2162162162162162,2.8945945945945946,99.00107669250619,3996
V0_Base_OFF10_CASH,5,TaxB,0.2,0.3035138374177504,-0.4940958148982929,0.8175880189977986,0.8161415740129586,0.614281336263144,-0.3484993624084256,-0.3348475744524816,601,3.0,3.2162162162162162,2.8945945945945946,66.89678401672126,3996
V0_Base_OFF10_CASH,5,TaxB,0.25,0.2874983188977245,-0.49554963323695966,0.7900961259438108,0.7729008691826108,0.5801604917347398,-0.3484993624084268,-0.3348805024389597,601,3.0,3.2162162162162162,2.8945945945945946,54.98808997194033,3996
V0_Base_OFF10_CASH,10,Tax0,0.0,0.36758091227984746,-0.49057863741262964,0.9242226539377262,0.9891907556310391,0.7492803074722396,-0.34939288296589843,-0.33561108968940456,569,3.0,3.2162162162162162,2.8945945945945946,143.16162785121855,3996
V0_Base_OFF10_CASH,10,Tax0,0.1,0.36758091227984746,-0.49057863741262964,0.9242226539377262,0.9891907556310391,0.7492803074722396,-0.34939288296589843,-0.33561108968940456,569,3.0,3.2162162162162162,2.8945945945945946,143.16162785121855,3996
V0_Base_OFF10_CASH,10,Tax0,0.2,0.36758091227984746,-0.49057863741262964,0.9242226539377262,0.9891907556310391,0.7492803074722396,-0.34939288296589843,-0.33561108968940456,569,3.0,3.2162162162162162,2.8945945945945946,143.16162785121855,3996
V0_Base_OFF10_CASH,10,Tax0,0.25,0.36758091227984746,-0.49057863741262964,0.9242226539377262,0.9891907556310391,0.7492803074722396,-0.34939288296589843,-0.33561108968940456,569,3.0,3.2162162162162162,2.8945945945945946,143.16162785121855,3996
V0_Base_OFF10_CASH,10,TaxB,0.0,0.36758091227984746,-0.49057863741262964,0.9242226539377262,0.9891907556310391,0.7492803074722396,-0.34939288296589843,-0.33561108968940456,569,3.0,3.2162162162162162,2.8945945945945946,143.16162785121855,3996
V0_Base_OFF10_CASH,10,TaxB,0.1,0.3343014438729195,-0.4934811947433997,0.8694732415009546,0.8995507951465743,0.6774350217068545,-0.349392882965899,-0.33566291277466187,595,3.0,3.2162162162162162,2.8945945945945946,96.8656670361628,3996
V0_Base_OFF10_CASH,10,TaxB,0.2,0.3018221421857352,-0.4963673571286331,0.814686633294714,0.8117165158785368,0.6080620287597162,-0.34939288296589854,-0.33571473199382706,601,3.0,3.2162162162162162,2.8945945945945946,65.5332855673918,3996
V0_Base_OFF10_CASH,10,TaxB,0.25,0.2858765964760688,-0.49780431892335186,0.7872806510255129,0.7686592808892136,0.5742750426399693,-0.34939288296589943,-0.33574064015370997,601,3.0,3.2162162162162162,2.8945945945945946,53.90000106605917,3996
V0_Base_OFF10_CASH,15,Tax0,0.0,0.36559628977260883,-0.49290875409982315,0.9209752285031833,0.9839209667075158,0.7417119025209457,-0.35028558626597417,-0.3365055289915635,594,3.0,3.2162162162162162,2.8945945945945946,139.90250457101092,3996
V0_Base_OFF10_CASH,15,Tax0,0.1,0.36559628977260883,-0.49290875409982315,0.9209752285031833,0.9839209667075158,0.7417119025209457,-0.35028558626597417,-0.3365055289915635,594,3.0,3.2162162162162162,2.8945945945945946,139.90250457101092,3996
V0_Base_OFF10_CASH,15,Tax0,0.2,0.36559628977260883,-0.49290875409982315,0.9209752285031833,0.9839209667075158,0.7417119025209457,-0.35028558626597417,-0.3365055289915635,594,3.0,3.2162162162162162,2.8945945945945946,139.90250457101092,3996
V0_Base_OFF10_CASH,15,Tax0,0.25,0.36559628977260883,-0.49290875409982315,0.9209752285031833,0.9839209667075158,0.7417119025209457,-0.35028558626597417,-0.3365055289915635,594,3.0,3.2162162162162162,2.8945945945945946,139.90250457101092,3996
V0_Base_OFF10_CASH,15,TaxB,0.0,0.36559628977260883,-0.49290875409982315,0.9209752285031833,0.9839209667075158,0.7417119025209457,-0.35028558626597417,-0.3365055289915635,594,3.0,3.2162162162162162,2.8945945945945946,139.90250457101092,3996
V0_Base_OFF10_CASH,15,TaxB,0.1,0.33246699861905626,-0.4957772975369694,0.8663975479293589,0.894677997588798,0.6705974643670825,-0.35028558626597295,-0.33654334405309905,595,3.0,3.2162162162162162,2.8945945945945946,94.77533315396707,3996
V0_Base_OFF10_CASH,15,TaxB,0.2,0.300131792497621,-0.4986297544538365,0.8117828238935254,0.8072276367842265,0.6019131225459339,-0.3502855862659743,-0.3365811570533386,601,3.0,3.2162162162162162,2.8945945945945946,64.19691262624099,3996
V0_Base_OFF10_CASH,15,TaxB,0.25,0.2842560778283807,-0.5000499784314816,0.7844628343161099,0.7642957317513323,0.5684553346447756,-0.3502855862659736,-0.33660006278050636,601,3.0,3.2162162162162162,2.8945945945945946,52.83289568053653,3996
V0_Base_OFF10_CASH,20,Tax0,0.0,0.36361365199653894,-0.49522927591807386,0.9177250821731476,0.978725587498315,0.7342329496220894,-0.3511774726825386,-0.33739916518197055,594,3.0,3.2162162162162162,2.8945945945945946,136.71615289390402,3996
V0_Base_OFF10_CASH,20,Tax0,0.1,0.36361365199653894,-0.49522927591807386,0.9177250821731476,0.978725587498315,0.7342329496220894,-0.3511774726825386,-0.33739916518197055,594,3.0,3.2162162162162162,2.8945945945945946,136.71615289390402,3996
V0_Base_OFF10_CASH,20,Tax0,0.2,0.36361365199653894,-0.49522927591807386,0.9177250821731476,0.978725587498315,0.7342329496220894,-0.3511774726825386,-0.33739916518197055,594,3.0,3.2162162162162162,2.8945945945945946,136.71615289390402,3996
V0_Base_OFF10_CASH,20,Tax0,0.25,0.36361365199653894,-0.49522927591807386,0.9177250821731476,0.978725587498315,0.7342329496220894,-0.3511774726825386,-0.33739916518197055,594,3.0,3.2162162162162162,2.8945945945945946,136.71615289390402,3996
V0_Base_OFF10_CASH,20,TaxB,0.0,0.36361365199653894,-0.49522927591807386,0.9177250821731476,0.978725587498315,0.7342329496220894,-0.3511774726825386,-0.33739916518197055,594,3.0,3.2162162162162162,2.8945945945945946,136.71615289390402,3996
V0_Base_OFF10_CASH,20,TaxB,0.1,0.33063420334704885,-0.49806404877233734,0.8633192963654297,0.8898733507009511,0.663838725485244,-0.35117747268253896,-0.3374230079528372,600,3.0,3.2162162162162162,2.8945945945945946,92.72914439287752,3996
V0_Base_OFF10_CASH,20,TaxB,0.2,0.2984427880484979,-0.5008830394252641,0.808876618932768,0.8028637939615731,0.5958332875294493,-0.3511774726825385,-0.33744684990314655,601,3.0,3.2162162162162162,2.8945945945945946,62.88713887747023,3996
V0_Base_OFF10_CASH,20,TaxB,0.25,0.28263676279746686,-0.5022866436630259,0.7816427031144093,0.7601122077435704,0.5627001361937114,-0.3511774726825393,-0.3374587705705997,610,3.0,3.2162162162162162,2.8945945945945946,51.78637979076997,3996
V1_A1_OFF10_SGOV,0,Tax0,0.0,0.37365346075033123,-0.4858894783499149,0.9341211719126491,1.0046684689072434,0.7690091623701377,-0.3384376372749536,-0.3338198003069883,568,3.0,3.2162162162162162,2.8945945945945946,153.5812555128525,3996
V1_A1_OFF10_SGOV,0,Tax0,0.1,0.37365346075033123,-0.4858894783499149,0.9341211719126491,1.0046684689072434,0.7690091623701377,-0.3384376372749536,-0.3338198003069883,568,3.0,3.2162162162162162,2.8945945945945946,153.5812555128525,3996
V1_A1_OFF10_SGOV,0,Tax0,0.2,0.37365346075033123,-0.4858894783499149,0.9341211719126491,1.0046684689072434,0.7690091623701377,-0.3384376372749536,-0.3338198003069883,568,3.0,3.2162162162162162,2.8945945945945946,153.5812555128525,3996
V1_A1_OFF10_SGOV,0,Tax0,0.25,0.37365346075033123,-0.4858894783499149,0.9341211719126491,1.0046684689072434,0.7690091623701377,-0.3384376372749536,-0.3338198003069883,568,3.0,3.2162162162162162,2.8945945945945946,153.5812555128525,3996
V1_A1_OFF10_SGOV,0,TaxB,0.0,0.37365346075033123,-0.4858894783499149,0.9341211719126491,1.0046684689072434,0.7690091623701377,-0.3384376372749536,-0.3338198003069883,568,3.0,3.2162162162162162,2.8945945945945946,153.5812555128525,3996
V1_A1_OFF10_SGOV,0,TaxB,0.1,0.3399346336816398,-0.4888607988621295,0.8788842093228163,0.9140583379292555,0.6953607948783587,-0.3384376372749536,-0.3338997468201328,594,3.0,3.2162162162162162,2.8945945945945946,103.55784391772768,3996
V1_A1_OFF10_SGOV,0,TaxB,0.2,0.30703368224027505,-0.4918150951105882,0.8236095492157463,0.8252741302760165,0.6242868209875427,-0.3384376372749528,-0.33397968415722035,595,3.0,3.2162162162162162,2.8945945945945946,69.81939395392281,3996
V1_A1_OFF10_SGOV,0,TaxB,0.25,0.2908837662633317,-0.49328588937269446,0.7959593732914872,0.7815642719553746,0.5896859661508764,-0.3384376372749538,-0.3340196493850559,601,3.0,3.2162162162162162,2.8945945945945946,57.32620715735304,3996
V1_A1_OFF10_SGOV,2,Tax0,0.0,0.37285657935007,-0.4868304053791257,0.932824724670091,1.0026316573855723,0.7658859743152299,-0.33880046089273297,-0.33417831543317245,568,3.0,3.2162162162162162,2.8945945945945946,152.17453095001068,3996
V1_A1_OFF10_SGOV,2,Tax0,0.1,0.37285657935007,-0.4868304053791257,0.932824724670091,1.0026316573855723,0.7658859743152299,-0.33880046089273297,-0.33417831543317245,568,3.0,3.2162162162162162,2.8945945945945946,152.17453095001068,3996
V1_A1_OFF10_SGOV,2,Tax0,0.2,0.37285657935007,-0.4868304053791257,0.932824724670091,1.0026316573855723,0.7658859743152299,-0.33880046089273297,-0.33417831543317245,568,3.0,3.2162162162162162,2.8945945945945946,152.17453095001068,3996
V1_A1_OFF10_SGOV,2,Tax0,0.25,0.37285657935007,-0.4868304053791257,0.932824724670091,1.0026316573855723,0.7658859743152299,-0.33880046089273297,-0.33417831543317245,568,3.0,3.2162162162162162,2.8945945945945946,152.17453095001068,3996
V1_A1_OFF10_SGOV,2,TaxB,0.0,0.37285657935007,-0.4868304053791257,0.932824724670091,1.0026316573855723,0.7658859743152299,-0.33880046089273297,-0.33417831543317245,568,3.0,3.2162162162162162,2.8945945945945946,152.17453095001068,3996
V1_A1_OFF10_SGOV,2,TaxB,0.1,0.3391982711984829,-0.48978789443273696,0.8776563040067648,0.9121031251973866,0.6925411490443958,-0.3388004608927312,-0.3342526257942512,594,3.0,3.2162162162162162,2.8945945945945946,102.65908356315673,3996
V1_A1_OFF10_SGOV,2,TaxB,0.2,0.30635536706985467,-0.49272848642649825,0.8224502472898773,0.8234731624556509,0.6217529034939501,-0.33880046089273097,-0.33432692822320664,600,3.0,3.2162162162162162,2.8945945945945946,69.2470300376559,3996
V1_A1_OFF10_SGOV,2,TaxB,0.25,0.2902335741036055,-0.49419247595179916,0.7948343934717598,0.779838480708782,0.5872885327617033,-0.3388004608927313,-0.33436407646339017,601,3.0,3.2162162162162162,2.8945945945945946,56.87005628290515,3996
V1_A1_OFF10_SGOV,5,Tax0,0.0,0.37166185439096666,-0.48823889061441705,0.9308792102321038,0.9995367025793248,0.7612295159921698,-0.3393444475749303,-0.33471584691478296,569,3.0,3.2162162162162162,2.8945945945945946,150.08809859357743,3996
V1_A1_OFF10_SGOV,5,Tax0,0.1,0.37166185439096666,-0.48823889061441705,0.9308792102321038,0.9995367025793248,0.7612295159921698,-0.3393444475749303,-0.33471584691478296,569,3.0,3.2162162162162162,2.8945945945945946,150.08809859357743,3996
V1_A1_OFF10_SGOV,5,Tax0,0.2,0.37166185439096666,-0.48823889061441705,0.9308792102321038,0.9995367025793248,0.7612295159921698,-0.3393444475749303,-0.33471584691478296,569,3.0,3.2162162162162162,2.8945945945945946,150.08809859357743,3996
V1_A1_OFF10_SGOV,5,Tax0,0.25,0.37166185439096666,-0.48823889061441705,0.9308792102321038,0.9995367025793248,0.7612295159921698,-0.3393444475749303,-0.33471584691478296,569,3.0,3.2162162162162162,2.8945945945945946,150.08809859357743,3996
V1_A1_OFF10_SGOV,5,TaxB,0.0,0.37166185439096666,-0.48823889061441705,0.9308792102321038,0.9995367025793248,0.7612295159921698,-0.3393444475749303,-0.33471584691478296,569,3.0,3.2162162162162162,2.8945945945945946,150.08809859357743,3996
V1_A1_OFF10_SGOV,5,TaxB,0.1,0.33809422367698905,-0.49117570651347386,0.8758136527501408,0.9092417334748094,0.6883366159879785,-0.3393444475749293,-0.3347817138021312,594,3.0,3.2162162162162162,2.8945945945945946,101.32523201989548,3996
V1_A1_OFF10_SGOV,5,TaxB,0.2,0.30533829866901296,-0.4940958148982929,0.8207105512676791,0.8208362916275347,0.6179738614703006,-0.3393444475749293,-0.3348475744524816,601,3.0,3.2162162162162162,2.8945945945945946,68.3970574353178,3996
V1_A1_OFF10_SGOV,5,TaxB,0.25,0.28925864754945874,-0.49554963323695966,0.7931462056381471,0.7773106866223496,0.5837127668928015,-0.3393444475749292,-0.3348805024389597,601,3.0,3.2162162162162162,2.8945945945945946,56.19245213929938,3996
V1_A1_OFF10_SGOV,10,Tax0,0.0,0.36967223792055925,-0.49057863741262964,0.9276344533752158,0.9943333524937291,0.753543284865103,-0.3402504289288171,-0.33561108968940456,569,3.0,3.2162162162162162,2.8945945945945946,146.67286810898938,3996
V1_A1_OFF10_SGOV,10,Tax0,0.1,0.36967223792055925,-0.49057863741262964,0.9276344533752158,0.9943333524937291,0.753543284865103,-0.3402504289288171,-0.33561108968940456,569,3.0,3.2162162162162162,2.8945945945945946,146.67286810898938,3996
V1_A1_OFF10_SGOV,10,Tax0,0.2,0.36967223792055925,-0.49057863741262964,0.9276344533752158,0.9943333524937291,0.753543284865103,-0.3402504289288171,-0.33561108968940456,569,3.0,3.2162162162162162,2.8945945945945946,146.67286810898938,3996
V1_A1_OFF10_SGOV,10,Tax0,0.25,0.36967223792055925,-0.49057863741262964,0.9276344533752158,0.9943333524937291,0.753543284865103,-0.3402504289288171,-0.33561108968940456,569,3.0,3.2162162162162162,2.8945945945945946,146.67286810898938,3996
V1_A1_OFF10_SGOV,10,TaxB,0.0,0.36967223792055925,-0.49057863741262964,0.9276344533752158,0.9943333524937291,0.753543284865103,-0.3402504289288171,-0.33561108968940456,569,3.0,3.2162162162162162,2.8945945945945946,146.67286810898938,3996
V1_A1_OFF10_SGOV,10,TaxB,0.1,0.3362554673327234,-0.4934811947433997,0.8727404677461439,0.9044328944749734,0.6813946932822221,-0.3402504289288171,-0.33566291277466187,595,3.0,3.2162162162162162,2.8945945945945946,99.13972475281514,3996
V1_A1_OFF10_SGOV,10,TaxB,0.2,0.30364426278447154,-0.4963673571286331,0.8178090911594896,0.8163424284692969,0.6117329401775758,-0.3402504289288162,-0.33571473199382706,601,3.0,3.2162162162162162,2.8945945945945946,67.0030023373458,3996
V1_A1_OFF10_SGOV,10,TaxB,0.25,0.28763473437007203,-0.49780431892335186,0.7903306588099741,0.77306595125244,0.5778068277755538,-0.3402504289288163,-0.33574064015370997,601,3.0,3.2162162162162162,2.8945945945945946,55.080549653589955,3996
V1_A1_OFF10_SGOV,15,Tax0,0.0,0.367684610247929,-0.49290875409982315,0.9243869327733872,0.9890592708880005,0.7459486308361771,-0.34115558171563765,-0.3365055289915635,594,3.0,3.2162162162162162,2.8945945945945946,143.33385968593498,3996
V1_A1_OFF10_SGOV,15,Tax0,0.1,0.367684610247929,-0.49290875409982315,0.9243869327733872,0.9890592708880005,0.7459486308361771,-0.34115558171563765,-0.3365055289915635,594,3.0,3.2162162162162162,2.8945945945945946,143.33385968593498,3996
V1_A1_OFF10_SGOV,15,Tax0,0.2,0.367684610247929,-0.49290875409982315,0.9243869327733872,0.9890592708880005,0.7459486308361771,-0.34115558171563765,-0.3365055289915635,594,3.0,3.2162162162162162,2.8945945945945946,143.33385968593498,3996
V1_A1_OFF10_SGOV,15,Tax0,0.25,0.367684610247929,-0.49290875409982315,0.9243869327733872,0.9890592708880005,0.7459486308361771,-0.34115558171563765,-0.3365055289915635,594,3.0,3.2162162162162162,2.8945945945945946,143.33385968593498,3996
V1_A1_OFF10_SGOV,15,TaxB,0.0,0.367684610247929,-0.49290875409982315,0.9243869327733872,0.9890592708880005,0.7459486308361771,-0.34115558171563765,-0.3365055289915635,594,3.0,3.2162162162162162,2.8945945945945946,143.33385968593498,3996
V1_A1_OFF10_SGOV,15,TaxB,0.1,0.334418363991708,-0.4957772975369694,0.8696646840636919,0.8995558841628476,0.6745334359864892,-0.34115558171563765,-0.33654334405309905,595,3.0,3.2162162162162162,2.8945945945945946,97.00035004994946,3996
V1_A1_OFF10_SGOV,15,TaxB,0.2,0.3019515742816048,-0.4986297544538365,0.8149051969674395,0.8118494354261274,0.6055626877147374,-0.34115558171563776,-0.3365811570533386,601,3.0,3.2162162162162162,2.8945945945945946,65.63668020117785,3996
V1_A1_OFF10_SGOV,15,TaxB,0.25,0.2860120265680861,-0.5000499784314816,0.7875127600456167,0.7687594116862718,0.5719668811210166,-0.34115558171563765,-0.33660006278050636,601,3.0,3.2162162162162162,2.8945945945945946,53.99008957779835,3996
V1_A1_OFF10_SGOV,20,Tax0,0.0,0.36569897028200105,-0.49522927591807386,0.9211366799317011,0.9838595329464194,0.7384437634549272,-0.3420599063144105,-0.33739916518197055,594,3.0,3.2162162162162162,2.8945945945945946,140.06940548355098,3996
V1_A1_OFF10_SGOV,20,Tax0,0.1,0.36569897028200105,-0.49522927591807386,0.9211366799317011,0.9838595329464194,0.7384437634549272,-0.3420599063144105,-0.33739916518197055,594,3.0,3.2162162162162162,2.8945945945945946,140.06940548355098,3996
V1_A1_OFF10_SGOV,20,Tax0,0.2,0.36569897028200105,-0.49522927591807386,0.9211366799317011,0.9838595329464194,0.7384437634549272,-0.3420599063144105,-0.33739916518197055,594,3.0,3.2162162162162162,2.8945945945945946,140.06940548355098,3996
V1_A1_OFF10_SGOV,20,Tax0,0.25,0.36569897028200105,-0.49522927591807386,0.9211366799317011,0.9838595329464194,0.7384437634549272,-0.3420599063144105,-0.33739916518197055,594,3.0,3.2162162162162162,2.8945945945945946,140.06940548355098,3996
V1_A1_OFF10_SGOV,20,TaxB,0.0,0.36569897028200105,-0.49522927591807386,0.9211366799317011,0.9838595329464194,0.7384437634549272,-0.3420599063144105,-0.33739916518197055,594,3.0,3.2162162162162162,2.8945945945945946,140.06940548355098,3996
V1_A1_OFF10_SGOV,20,TaxB,0.1,0.3325829129966762,-0.49806404877233734,0.8665863315248896,0.8947471426378509,0.6677512938676251,-0.3420599063144105,-0.3374230079528372,600,3.0,3.2162162162162162,2.8945945945945946,94.90615545394992,3996
V1_A1_OFF10_SGOV,20,TaxB,0.2,0.3002602328550894,-0.5008830394252641,0.8119988968326148,0.8074177846932294,0.5994617689583213,-0.34205990631441063,-0.33744684990314655,601,3.0,3.2162162162162162,2.8945945945945946,64.29755293321513,3996
V1_A1_OFF10_SGOV,20,TaxB,0.25,0.2843905239861144,-0.5022866436630259,0.7846925366463515,0.7645106912673176,0.5661916906890846,-0.34205990631441086,-0.3374587705705997,610,3.0,3.2162162162162162,2.8945945945945946,52.920669276988775,3996
V2_C3_Hysteresis_0p5,0,Tax0,0.0,0.36693622576257345,-0.517551048734254,0.9214803881902537,0.9808705015558578,0.7089855709112544,-0.4153206391780725,-0.3338198003069883,446,3.0,2.459459459459459,2.2135135135135133,142.09521117679105,3996
V2_C3_Hysteresis_0p5,0,Tax0,0.1,0.36693622576257345,-0.517551048734254,0.9214803881902537,0.9808705015558578,0.7089855709112544,-0.4153206391780725,-0.3338198003069883,446,3.0,2.459459459459459,2.2135135135135133,142.09521117679105,3996
V2_C3_Hysteresis_0p5,0,Tax0,0.2,0.36693622576257345,-0.517551048734254,0.9214803881902537,0.9808705015558578,0.7089855709112544,-0.4153206391780725,-0.3338198003069883,446,3.0,2.459459459459459,2.2135135135135133,142.09521117679105,3996
V2_C3_Hysteresis_0p5,0,Tax0,0.25,0.36693622576257345,-0.517551048734254,0.9214803881902537,0.9808705015558578,0.7089855709112544,-0.4153206391780725,-0.3338198003069883,446,3.0,2.459459459459459,2.2135135135135133,142.09521117679105,3996
V2_C3_Hysteresis_0p5,0,TaxB,0.0,0.36693622576257345,-0.517551048734254,0.9214803881902537,0.9808705015558578,0.7089855709112544,-0.4153206391780725,-0.3338198003069883,446,3.0,2.459459459459459,2.2135135135135133,142.09521117679105,3996
V2_C3_Hysteresis_0p5,0,TaxB,0.1,0.33734679253823274,-0.5261790187405022,0.8730234455418993,0.9018453567944078,0.6411255115145581,-0.4153206391780717,-0.33467542852769516,567,3.0,2.459459459459459,2.2135135135135133,100.43146182485123,3996
V2_C3_Hysteresis_0p5,0,TaxB,0.2,0.3083897917580445,-0.5346562320399835,0.8245380130788206,0.8239268584466978,0.57680014423732,-0.4153206391780717,-0.335530005635577,569,3.0,2.459459459459459,2.2135135135135133,70.97699646255614,3996
V2_C3_Hysteresis_0p5,0,TaxB,0.25,0.2941442721427012,-0.5388391104268581,0.8002855628624451,0.7857881423619698,0.5458851565352889,-0.4153206391780718,-0.33595690040741755,594,3.0,2.459459459459459,2.2135135135135133,59.66581595298877,3996
V2_C3_Hysteresis_0p5,2,Tax0,0.0,0.366333278523012,-0.5177301404423532,0.920503867706553,0.9792833806146158,0.7075757231557228,-0.41564101750893667,-0.33417831543317245,553,3.0,2.459459459459459,2.2135135135135133,141.10457780250246,3996
V2_C3_Hysteresis_0p5,2,Tax0,0.1,0.366333278523012,-0.5177301404423532,0.920503867706553,0.9792833806146158,0.7075757231557228,-0.41564101750893667,-0.33417831543317245,553,3.0,2.459459459459459,2.2135135135135133,141.10457780250246,3996
V2_C3_Hysteresis_0p5,2,Tax0,0.2,0.366333278523012,-0.5177301404423532,0.920503867706553,0.9792833806146158,0.7075757231557228,-0.41564101750893667,-0.33417831543317245,553,3.0,2.459459459459459,2.2135135135135133,141.10457780250246,3996
V2_C3_Hysteresis_0p5,2,Tax0,0.25,0.366333278523012,-0.5177301404423532,0.920503867706553,0.9792833806146158,0.7075757231557228,-0.41564101750893667,-0.33417831543317245,553,3.0,2.459459459459459,2.2135135135135133,141.10457780250246,3996
V2_C3_Hysteresis_0p5,2,TaxB,0.0,0.366333278523012,-0.5177301404423532,0.920503867706553,0.9792833806146158,0.7075757231557228,-0.41564101750893667,-0.33417831543317245,553,3.0,2.459459459459459,2.2135135135135133,141.10457780250246,3996
V2_C3_Hysteresis_0p5,2,TaxB,0.1,0.3367856544846599,-0.5263520262448247,0.8720943492682113,0.900367628258627,0.6398486900248184,-0.415641017508937,-0.3350301495232443,567,3.0,2.459459459459459,2.2135135135135133,99.76531917516608,3996
V2_C3_Hysteresis_0p5,2,TaxB,0.2,0.3078689499121181,-0.5348233120010879,0.8236563911625141,0.8225558990485006,0.5756460928380247,-0.41564101750893745,-0.33588094124097145,569,3.0,2.459459459459459,2.2135135135135133,70.53028462065531,3996
V2_C3_Hysteresis_0p5,2,TaxB,0.25,0.29364302517438956,-0.5390032842573986,0.7994276950146397,0.7844686683718589,0.54478893496716,-0.4156410175089371,-0.3363059465907231,594,3.0,2.459459459459459,2.2135135135135133,59.30041433934359,3996
V2_C3_Hysteresis_0p5,5,Tax0,0.0,0.3654291535314733,-0.51799871566725,0.9190384013658129,0.9769022553684629,0.7054634354850723,-0.41612136555513723,-0.33471584691478284,553,3.0,2.459459459459459,2.2135135135135133,139.63123322691362,3996
V2_C3_Hysteresis_0p5,5,Tax0,0.1,0.3654291535314733,-0.51799871566725,0.9190384013658129,0.9769022553684629,0.7054634354850723,-0.41612136555513723,-0.33471584691478284,553,3.0,2.459459459459459,2.2135135135135133,139.63123322691362,3996
V2_C3_Hysteresis_0p5,5,Tax0,0.2,0.3654291535314733,-0.51799871566725,0.9190384013658129,0.9769022553684629,0.7054634354850723,-0.41612136555513723,-0.33471584691478284,553,3.0,2.459459459459459,2.2135135135135133,139.63123322691362,3996
V2_C3_Hysteresis_0p5,5,Tax0,0.25,0.3654291535314733,-0.51799871566725,0.9190384013658129,0.9769022553684629,0.7054634354850723,-0.41612136555513723,-0.33471584691478284,553,3.0,2.459459459459459,2.2135135135135133,139.63123322691362,3996
V2_C3_Hysteresis_0p5,5,TaxB,0.0,0.3654291535314733,-0.51799871566725,0.9190384013658129,0.9769022553684629,0.7054634354850723,-0.41612136555513723,-0.33471584691478284,553,3.0,2.459459459459459,2.2135135135135133,139.63123322691362,3996
V2_C3_Hysteresis_0p5,5,TaxB,0.1,0.33594419064421754,-0.5266114802135602,0.8707000553238335,0.8981505591692058,0.637935562111141,-0.416121365555137,-0.3355619965424397,568,3.0,2.459459459459459,2.2135135135135133,98.77414816260064,3996
V2_C3_Hysteresis_0p5,5,TaxB,0.2,0.30708788212175797,-0.5350738794844402,0.8223333447560592,0.820498953570641,0.5739167877483505,-0.41612136555513723,-0.3364071168325137,569,3.0,2.459459459459459,2.2135135135135133,69.86531865720161,3996
V2_C3_Hysteresis_0p5,5,TaxB,0.25,0.2928913271415021,-0.5392494948793208,0.7981402976860301,0.7824889404125023,0.5431462243781027,-0.4161213655551369,-0.3368292913495101,594,3.0,2.459459459459459,2.2135135135135133,58.75636539458096,3996
V2_C3_Hysteresis_0p5,10,Tax0,0.0,0.363923067418056,-0.5184461748094077,0.9165941385458618,0.9730095971592894,0.7019495660313092,-0.4169213606100537,-0.33561108968940445,553,3.0,2.459459459459459,2.2135135135135133,137.20890397090335,3996
V2_C3_Hysteresis_0p5,10,Tax0,0.1,0.363923067418056,-0.5184461748094077,0.9165941385458618,0.9730095971592894,0.7019495660313092,-0.4169213606100537,-0.33561108968940445,553,3.0,2.459459459459459,2.2135135135135133,137.20890397090335,3996
V2_C3_Hysteresis_0p5,10,Tax0,0.2,0.363923067418056,-0.5184461748094077,0.9165941385458618,0.9730095971592894,0.7019495660313092,-0.4169213606100537,-0.33561108968940445,553,3.0,2.459459459459459,2.2135135135135133,137.20890397090335,3996
V2_C3_Hysteresis_0p5,10,Tax0,0.25,0.363923067418056,-0.5184461748094077,0.9165941385458618,0.9730095971592894,0.7019495660313092,-0.4169213606100537,-0.33561108968940445,553,3.0,2.459459459459459,2.2135135135135133,137.20890397090335,3996
V2_C3_Hysteresis_0p5,10,TaxB,0.0,0.363923067418056,-0.5184461748094077,0.9165941385458618,0.9730095971592894,0.7019495660313092,-0.4169213606100537,-0.33561108968940445,553,3.0,2.459459459459459,2.2135135135135133,137.20890397090335,3996
V2_C3_Hysteresis_0p5,10,TaxB,0.1,0.3345423995196679,-0.5270437507227582,0.8683745089263095,0.8945977612075803,0.6347526160036908,-0.41692136061005436,-0.3364477831543061,568,3.0,2.459459459459459,2.2135135135135133,97.14342125412597,3996
V2_C3_Hysteresis_0p5,10,TaxB,0.2,0.30578662244593136,-0.5354913520589392,0.8201266398043011,0.8172026913500446,0.5710393291510611,-0.41692136061005425,-0.3372834688040909,569,3.0,2.459459459459459,2.2135135135135133,68.77051343439321,3996
V2_C3_Hysteresis_0p5,10,TaxB,0.25,0.29163895693002173,-0.5396597122412701,0.7959930555695313,0.7793167303098816,0.5404126902836807,-0.41692136061005436,-0.33770093406045554,594,3.0,2.459459459459459,2.2135135135135133,57.860323663333936,3996
V2_C3_Hysteresis_0p5,15,Tax0,0.0,0.3624179672191652,-0.5188934261607265,0.914147617366579,0.9691291043784632,0.6984439365529883,-0.41772062467690485,-0.3365055289915633,554,3.0,2.459459459459459,2.2135135135135133,134.82753764842062,3996
V2_C3_Hysteresis_0p5,15,Tax0,0.1,0.3624179672191652,-0.5188934261607265,0.914147617366579,0.9691291043784632,0.6984439365529883,-0.41772062467690485,-0.3365055289915633,554,3.0,2.459459459459459,2.2135135135135133,134.82753764842062,3996
V2_C3_Hysteresis_0p5,15,Tax0,0.2,0.3624179672191652,-0.5188934261607265,0.914147617366579,0.9691291043784632,0.6984439365529883,-0.41772062467690485,-0.3365055289915633,554,3.0,2.459459459459459,2.2135135135135133,134.82753764842062,3996
V2_C3_Hysteresis_0p5,15,Tax0,0.25,0.3624179672191652,-0.5188934261607265,0.914147617366579,0.9691291043784632,0.6984439365529883,-0.41772062467690485,-0.3365055289915633,554,3.0,2.459459459459459,2.2135135135135133,134.82753764842062,3996
V2_C3_Hysteresis_0p5,15,TaxB,0.0,0.3624179672191652,-0.5188934261607265,0.914147617366579,0.9691291043784632,0.6984439365529883,-0.41772062467690485,-0.3365055289915633,554,3.0,2.459459459459459,2.2135135135135133,134.82753764842062,3996
V2_C3_Hysteresis_0p5,15,TaxB,0.1,0.3331414191077966,-0.5274758302592799,0.8660468231304905,0.8908439989062925,0.6315766524203421,-0.41772062467690607,-0.33733278869620353,568,3.0,2.459459459459459,2.2135135135135133,95.53886686422283,3996
V2_C3_Hysteresis_0p5,15,TaxB,0.2,0.3044860127905977,-0.5359086497467258,0.8179179141485335,0.813785285449651,0.56816775197508,-0.4177206246769054,-0.3381590618562119,576,3.0,2.459459459459459,2.2135135135135133,67.69233295008526,3996
V2_C3_Hysteresis_0p5,15,TaxB,0.25,0.2903871616165108,-0.540069762492288,0.793843852009457,0.776027207481794,0.5376845396351132,-0.41772062467690596,-0.33857182883295067,594,3.0,2.459459459459459,2.2135135135135133,56.97749980780825,3996
V2_C3_Hysteresis_0p5,20,Tax0,0.0,0.36091385273159915,-0.5193404697212071,0.9116988555142027,0.9651730419205232,0.6949465211623992,-0.4185191580897726,-0.3373991651819709,554,3.0,2.459459459459459,2.2135135135135133,132.4864594900128,3996
V2_C3_Hysteresis_0p5,20,Tax0,0.1,0.36091385273159915,-0.5193404697212071,0.9116988555142027,0.9651730419205232,0.6949465211623992,-0.4185191580897726,-0.3373991651819709,554,3.0,2.459459459459459,2.2135135135135133,132.4864594900128,3996
V2_C3_Hysteresis_0p5,20,Tax0,0.2,0.36091385273159915,-0.5193404697212071,0.9116988555142027,0.9651730419205232,0.6949465211623992,-0.4185191580897726,-0.3373991651819709,554,3.0,2.459459459459459,2.2135135135135133,132.4864594900128,3996
V2_C3_Hysteresis_0p5,20,Tax0,0.25,0.36091385273159915,-0.5193404697212071,0.9116988555142027,0.9651730419205232,0.6949465211623992,-0.4185191580897726,-0.3373991651819709,554,3.0,2.459459459459459,2.2135135135135133,132.4864594900128,3996
V2_C3_Hysteresis_0p5,20,TaxB,0.0,0.36091385273159915,-0.5193404697212071,0.9116988555142027,0.9651730419205232,0.6949465211623992,-0.4185191580897726,-0.3373991651819709,554,3.0,2.459459459459459,2.2135135135135133,132.4864594900128,3996
V2_C3_Hysteresis_0p5,20,TaxB,0.1,0.33174124935173777,-0.5279077188143131,0.8637170147649568,0.8871598309898647,0.6284076506720389,-0.418519158089773,-0.33821701350105493,568,3.0,2.459459459459459,2.2135135135135133,93.96007701972364,3996
V2_C3_Hysteresis_0p5,20,TaxB,0.2,0.3031860532157047,-0.5363257725310397,0.8157071837585338,0.8103658452413054,0.5653020398123005,-0.41851915808977314,-0.33903389629480807,594,3.0,2.459459459459459,2.2135135135135133,66.63053287883594,3996
V2_C3_Hysteresis_0p5,20,TaxB,0.25,0.28913594130915543,-0.540479645611958,0.7916927025457965,0.7727356328217623,0.5349617578693112,-0.4185191580897728,-0.33944197595973,594,3.0,2.459459459459459,2.2135135135135133,56.10770549879288,3996
V3_B2_MA200Guard,0,Tax0,0.0,0.35831287443978477,-0.5111521571594528,0.9107529111501957,0.9263581024511899,0.7009906334563503,-0.3433867549177658,-0.3388847257600488,595,3.0,6.117117117117117,3.298198198198198,128.527807511785,3996
V3_B2_MA200Guard,0,Tax0,0.1,0.35831287443978477,-0.5111521571594528,0.9107529111501957,0.9263581024511899,0.7009906334563503,-0.3433867549177658,-0.3388847257600488,595,3.0,6.117117117117117,3.298198198198198,128.527807511785,3996
V3_B2_MA200Guard,0,Tax0,0.2,0.35831287443978477,-0.5111521571594528,0.9107529111501957,0.9263581024511899,0.7009906334563503,-0.3433867549177658,-0.3388847257600488,595,3.0,6.117117117117117,3.298198198198198,128.527807511785,3996
V3_B2_MA200Guard,0,Tax0,0.25,0.35831287443978477,-0.5111521571594528,0.9107529111501957,0.9263581024511899,0.7009906334563503,-0.3433867549177658,-0.3388847257600488,595,3.0,6.117117117117117,3.298198198198198,128.527807511785,3996
V3_B2_MA200Guard,0,TaxB,0.0,0.35831287443978477,-0.5111521571594528,0.9107529111501957,0.9263581024511899,0.7009906334563503,-0.3433867549177658,-0.3388847257600488,595,3.0,6.117117117117117,3.298198198198198,128.527807511785,3996
V3_B2_MA200Guard,0,TaxB,0.1,0.3206448892574507,-0.513506322164551,0.8480140015320642,0.8414280085472369,0.6244224762527877,-0.3433867549177658,-0.33889047623822954,601,3.5,6.117117117117117,3.298198198198198,82.2852001453116,3996
V3_B2_MA200Guard,0,TaxB,0.2,0.2840109270614728,-0.515849248308289,0.7852337168826513,0.7451934715078525,0.550569624736059,-0.3433867549177658,-0.33889622666857144,610,3.5,6.117117117117117,3.298198198198198,52.673199238210834,3996
V3_B2_MA200Guard,0,TaxB,0.25,0.2660728948822333,-0.5170165134375002,0.753829544058834,0.6981723569120346,0.5146313279496394,-0.3433867549177658,-0.3388991018658024,621,4.0,6.117117117117117,3.298198198198198,42.14076543767846,3996
V3_B2_MA200Guard,2,Tax0,0.0,0.35741579463180395,-0.5122015555489909,0.9092728997346337,0.9256448434975522,0.6978030245314589,-0.3447446462470871,-0.3392549409692379,600,3.0,6.117117117117117,3.298198198198198,127.18836560186104,3996
V3_B2_MA200Guard,2,Tax0,0.1,0.35741579463180395,-0.5122015555489909,0.9092728997346337,0.9256448434975522,0.6978030245314589,-0.3447446462470871,-0.3392549409692379,600,3.0,6.117117117117117,3.298198198198198,127.18836560186104,3996
V3_B2_MA200Guard,2,Tax0,0.2,0.35741579463180395,-0.5122015555489909,0.9092728997346337,0.9256448434975522,0.6978030245314589,-0.3447446462470871,-0.3392549409692379,600,3.0,6.117117117117117,3.298198198198198,127.18836560186104,3996
V3_B2_MA200Guard,2,Tax0,0.25,0.35741579463180395,-0.5122015555489909,0.9092728997346337,0.9256448434975522,0.6978030245314589,-0.3447446462470871,-0.3392549409692379,600,3.0,6.117117117117117,3.298198198198198,127.18836560186104,3996
V3_B2_MA200Guard,2,TaxB,0.0,0.35741579463180395,-0.5122015555489909,0.9092728997346337,0.9256448434975522,0.6978030245314589,-0.3447446462470871,-0.3392549409692379,600,3.0,6.117117117117117,3.298198198198198,127.18836560186104,3996
V3_B2_MA200Guard,2,TaxB,0.1,0.3198182964998104,-0.5145400147812353,0.8466116526499792,0.8379628882000415,0.6215615643338956,-0.3447446462470871,-0.3392549409692379,601,3.5,6.117117117117117,3.298198198198198,81.47230584181602,3996
V3_B2_MA200Guard,2,TaxB,0.2,0.2832516237760807,-0.5168673607571905,0.7839090916576902,0.7420680034985208,0.5480160777827567,-0.3447446462470871,-0.3392549409692379,610,4.0,6.117117117117117,3.298198198198198,52.1814378771842,3996
V3_B2_MA200Guard,2,TaxB,0.25,0.2653460753703927,-0.5180268826439316,0.7525438007357556,0.6952074220371354,0.5122245278393779,-0.3447446462470871,-0.3392549409692379,621,4.0,6.117117117117117,3.298198198198198,41.758782365487406,3996
V3_B2_MA200Guard,5,Tax0,0.0,0.35607099462354497,-0.5137717750587989,0.9070519756958634,0.9223425840928654,0.6930528532494691,-0.3467766547515462,-0.33981000492858227,601,3.0,6.117117117117117,3.298198198198198,125.2049040105772,3996
V3_B2_MA200Guard,5,Tax0,0.1,0.35607099462354497,-0.5137717750587989,0.9070519756958634,0.9223425840928654,0.6930528532494691,-0.3467766547515462,-0.33981000492858227,601,3.0,6.117117117117117,3.298198198198198,125.2049040105772,3996
V3_B2_MA200Guard,5,Tax0,0.2,0.35607099462354497,-0.5137717750587989,0.9070519756958634,0.9223425840928654,0.6930528532494691,-0.3467766547515462,-0.33981000492858227,601,3.0,6.117117117117117,3.298198198198198,125.2049040105772,3996
V3_B2_MA200Guard,5,Tax0,0.25,0.35607099462354497,-0.5137717750587989,0.9070519756958634,0.9223425840928654,0.6930528532494691,-0.3467766547515462,-0.33981000492858227,601,3.0,6.117117117117117,3.298198198198198,125.2049040105772,3996
V3_B2_MA200Guard,5,TaxB,0.0,0.35607099462354497,-0.5137717750587989,0.9070519756958634,0.9223425840928654,0.6930528532494691,-0.3467766547515462,-0.33981000492858227,601,3.0,6.117117117117117,3.298198198198198,125.2049040105772,3996
V3_B2_MA200Guard,5,TaxB,0.1,0.3185674660145641,-0.5160867794351193,0.8444875599736992,0.8348485497990098,0.617274998524959,-0.3467766547515462,-0.3398100049285825,601,3.5,6.117117117117117,3.298198198198198,80.25649970387477,3996
V3_B2_MA200Guard,5,TaxB,0.2,0.282090622097229,-0.5183908572005274,0.7818819321293292,0.7391691652394404,0.5441658898472989,-0.3467766547515462,-0.3398100049285825,621,3.5,6.117117117117117,3.298198198198198,51.43782730515578,3996
V3_B2_MA200Guard,5,TaxB,0.25,0.2642284839960318,-0.5195388145890353,0.7505651415865893,0.692412340882905,0.5085827595095881,-0.3467766547515462,-0.3398100049285826,621,4.0,6.117117117117117,3.298198198198198,41.17775137280579,3996
V3_B2_MA200Guard,10,Tax0,0.0,0.353831845973013,-0.5163784970318644,0.9033480381233295,0.9167611738087448,0.6852180096708769,-0.3501504966912179,-0.34073442146329314,601,3.0,6.117117117117117,3.298198198198198,121.96652511500503,3996
V3_B2_MA200Guard,10,Tax0,0.1,0.353831845973013,-0.5163784970318644,0.9033480381233295,0.9167611738087448,0.6852180096708769,-0.3501504966912179,-0.34073442146329314,601,3.0,6.117117117117117,3.298198198198198,121.96652511500503,3996
V3_B2_MA200Guard,10,Tax0,0.2,0.353831845973013,-0.5163784970318644,0.9033480381233295,0.9167611738087448,0.6852180096708769,-0.3501504966912179,-0.34073442146329314,601,3.0,6.117117117117117,3.298198198198198,121.96652511500503,3996
V3_B2_MA200Guard,10,Tax0,0.25,0.353831845973013,-0.5163784970318644,0.9033480381233295,0.9167611738087448,0.6852180096708769,-0.3501504966912179,-0.34073442146329314,601,3.0,6.117117117117117,3.298198198198198,121.96652511500503,3996
V3_B2_MA200Guard,10,TaxB,0.0,0.353831845973013,-0.5163784970318644,0.9033480381233295,0.9167611738087448,0.6852180096708769,-0.3501504966912179,-0.34073442146329314,601,3.0,6.117117117117117,3.298198198198198,121.96652511500503,3996
V3_B2_MA200Guard,10,TaxB,0.1,0.31648462957031076,-0.5186546855321716,0.8409451764245822,0.8295398365872265,0.6102029701044309,-0.3501504966912179,-0.340734421463293,602,3.5,6.117117117117117,3.298198198198198,78.26963127090853,3996
V3_B2_MA200Guard,10,TaxB,0.2,0.28015722209656446,-0.5209202538335497,0.7785012718923807,0.7342343072186419,0.537812112381569,-0.3501504966912179,-0.340734421463293,621,3.5,6.117117117117117,3.298198198198198,50.22149543548318,3996
V3_B2_MA200Guard,10,TaxB,0.25,0.2623673044694681,-0.5220490707679897,0.7472653992385137,0.6876572161530651,0.502572112777632,-0.3501504966912179,-0.3407344214632929,622,4.0,6.117117117117117,3.298198198198198,40.22691223346347,3996
V3_B2_MA200Guard,15,Tax0,0.0,0.3515954262763439,-0.5189723810286861,0.8996411377399116,0.911176162479867,0.6774838876385398,-0.3535083500683762,-0.3416579757660053,601,3.0,6.117117117117117,3.298198198198198,118.81055592624419,3996
V3_B2_MA200Guard,15,Tax0,0.1,0.3515954262763439,-0.5189723810286861,0.8996411377399116,0.911176162479867,0.6774838876385398,-0.3535083500683762,-0.3416579757660053,601,3.0,6.117117117117117,3.298198198198198,118.81055592624419,3996
V3_B2_MA200Guard,15,Tax0,0.2,0.3515954262763439,-0.5189723810286861,0.8996411377399116,0.911176162479867,0.6774838876385398,-0.3535083500683762,-0.3416579757660053,601,3.0,6.117117117117117,3.298198198198198,118.81055592624419,3996
V3_B2_MA200Guard,15,Tax0,0.25,0.3515954262763439,-0.5189723810286861,0.8996411377399116,0.911176162479867,0.6774838876385398,-0.3535083500683762,-0.3416579757660053,601,3.0,6.117117117117117,3.298198198198198,118.81055592624419,3996
V3_B2_MA200Guard,15,TaxB,0.0,0.3515954262763439,-0.5189723810286861,0.8996411377399116,0.911176162479867,0.6774838876385398,-0.3535083500683762,-0.3416579757660053,601,3.0,6.117117117117117,3.298198198198198,118.81055592624419,3996
V3_B2_MA200Guard,15,TaxB,0.1,0.3144041430129578,-0.5212100960550212,0.8374000390859185,0.824228649430482,0.6032195949246693,-0.3535083500683762,-0.3416579757660052,610,3.0,6.117117117117117,3.298198198198198,76.33108489754011,3996
V3_B2_MA200Guard,15,TaxB,0.2,0.27822582462566436,-0.5234374915222895,0.7751180664459749,0.7292338644290645,0.5315359123713375,-0.3535083500683762,-0.3416579757660052,622,4.0,6.117117117117117,3.298198198198198,49.03337033045928,3996
V3_B2_MA200Guard,15,TaxB,0.25,0.26050796512096785,-0.5245473341716138,0.7439632158347503,0.6828996986728106,0.4966338558032565,-0.3535083500683762,-0.3416579757660052,622,4.0,6.117117117117117,3.298198198198198,39.29758416422255,3996
V3_B2_MA200Guard,20,Tax0,0.0,0.3493617333226935,-0.521553484763277,0.8959313139399248,0.9055876836967535,0.6698483348860415,-0.3568502839437977,-0.3425806682385425,601,3.0,6.117117117117117,3.298198198198198,115.73493358469182,3996
V3_B2_MA200Guard,20,Tax0,0.1,0.3493617333226935,-0.521553484763277,0.8959313139399248,0.9055876836967535,0.6698483348860415,-0.3568502839437977,-0.3425806682385425,601,3.0,6.117117117117117,3.298198198198198,115.73493358469182,3996
V3_B2_MA200Guard,20,Tax0,0.2,0.3493617333226935,-0.521553484763277,0.8959313139399248,0.9055876836967535,0.6698483348860415,-0.3568502839437977,-0.3425806682385425,601,3.0,6.117117117117117,3.298198198198198,115.73493358469182,3996
V3_B2_MA200Guard,20,Tax0,0.25,0.3493617333226935,-0.521553484763277,0.8959313139399248,0.9055876836967535,0.6698483348860415,-0.3568502839437977,-0.3425806682385425,601,3.0,6.117117117117117,3.298198198198198,115.73493358469182,3996
V3_B2_MA200Guard,20,TaxB,0.0,0.3493617333226935,-0.521553484763277,0.8959313139399248,0.9055876836967535,0.6698483348860415,-0.3568502839437977,-0.3425806682385425,601,3.0,6.117117117117117,3.298198198198198,115.73493358469182,3996
V3_B2_MA200Guard,20,TaxB,0.1,0.3123260047251768,-0.5237530663803864,0.8338521856124375,0.8189151092552108,0.5963230093976073,-0.3568502839437977,-0.3425806682385427,621,3.0,6.117117117117117,3.298198198198198,74.4397064076609,3996
V3_B2_MA200Guard,20,TaxB,0.2,0.2762964285688039,-0.5259426233719882,0.771732351706197,0.7243574915327904,0.5253356854734043,-0.3568502839437977,-0.34258066823854283,622,3.5,6.117117117117117,3.298198198198198,47.87281077337494,3996
V3_B2_MA200Guard,20,TaxB,0.25,0.25865046505394584,-0.5270336567936853,0.7406586264224323,0.678198683118991,0.4907665036565173,-0.3568502839437977,-0.34258066823854294,623,4.0,6.117117117117117,3.298198198198198,38.389290603841424,3996
V4_D1_Ensemble,0,Tax0,0.0,0.3777083629088547,-0.48588947834991514,0.939799944337964,1.015792130392729,0.7773544802648444,-0.3704059943122837,-0.3338198003069882,568,3.0,3.2162162162162162,2.8945945945945946,160.93003320855988,3996
V4_D1_Ensemble,0,Tax0,0.1,0.3777083629088547,-0.48588947834991514,0.939799944337964,1.015792130392729,0.7773544802648444,-0.3704059943122837,-0.3338198003069882,568,3.0,3.2162162162162162,2.8945945945945946,160.93003320855988,3996
V4_D1_Ensemble,0,Tax0,0.2,0.3777083629088547,-0.48588947834991514,0.939799944337964,1.015792130392729,0.7773544802648444,-0.3704059943122837,-0.3338198003069882,568,3.0,3.2162162162162162,2.8945945945945946,160.93003320855988,3996
V4_D1_Ensemble,0,Tax0,0.25,0.3777083629088547,-0.48588947834991514,0.939799944337964,1.015792130392729,0.7773544802648444,-0.3704059943122837,-0.3338198003069882,568,3.0,3.2162162162162162,2.8945945945945946,160.93003320855988,3996
V4_D1_Ensemble,0,TaxB,0.0,0.3777083629088547,-0.48588947834991514,0.939799944337964,1.015792130392729,0.7773544802648444,-0.3704059943122837,-0.3338198003069882,568,3.0,3.2162162162162162,2.8945945945945946,160.93003320855988,3996
V4_D1_Ensemble,0,TaxB,0.1,0.3429935713544936,-0.4888607988621291,0.8831859194897492,0.9223373761126462,0.7016180723691579,-0.37040599431228394,-0.33389974682013257,594,3.0,3.2162162162162162,2.8945945945945946,107.37091754331962,3996
V4_D1_Ensemble,0,TaxB,0.2,0.3091427901577992,-0.4918150951105874,0.8265287737979964,0.8307871079342685,0.628575237383242,-0.37040599431228305,-0.33397968415722024,595,3.0,3.2162162162162162,2.8945945945945946,71.62751121340135,3996
V4_D1_Ensemble,0,TaxB,0.25,0.2925347460115646,-0.4932858893726947,0.7981854895738713,0.7859401051176973,0.5930328685938641,-0.3704059943122834,-0.334019649385056,601,3.0,3.2162162162162162,2.8945945945945946,58.499924884695375,3996
V4_D1_Ensemble,2,Tax0,0.0,0.37691149850464645,-0.4868304053791268,0.9385142755827691,1.0137578638073184,0.7742151976130593,-0.3707518435642153,-0.33417831543317245,568,3.0,3.2162162162162162,2.8945945945945946,159.46034866207833,3996
V4_D1_Ensemble,2,Tax0,0.1,0.37691149850464645,-0.4868304053791268,0.9385142755827691,1.0137578638073184,0.7742151976130593,-0.3707518435642153,-0.33417831543317245,568,3.0,3.2162162162162162,2.8945945945945946,159.46034866207833,3996
V4_D1_Ensemble,2,Tax0,0.2,0.37691149850464645,-0.4868304053791268,0.9385142755827691,1.0137578638073184,0.7742151976130593,-0.3707518435642153,-0.33417831543317245,568,3.0,3.2162162162162162,2.8945945945945946,159.46034866207833,3996
V4_D1_Ensemble,2,Tax0,0.25,0.37691149850464645,-0.4868304053791268,0.9385142755827691,1.0137578638073184,0.7742151976130593,-0.3707518435642153,-0.33417831543317245,568,3.0,3.2162162162162162,2.8945945945945946,159.46034866207833,3996
V4_D1_Ensemble,2,TaxB,0.0,0.37691149850464645,-0.4868304053791268,0.9385142755827691,1.0137578638073184,0.7742151976130593,-0.3707518435642153,-0.33417831543317245,568,3.0,3.2162162162162162,2.8945945945945946,159.46034866207833,3996
V4_D1_Ensemble,2,TaxB,0.1,0.34225783741158633,-0.4897878944327365,0.8819681417915415,0.9203850138030317,0.6987878657311103,-0.3707518435642161,-0.3342526257942512,594,3.0,3.2162162162162162,2.8945945945945946,106.44196841412058,3996
V4_D1_Ensemble,2,TaxB,0.2,0.3084656319966732,-0.49272848642649736,0.8253789537531141,0.8289908831096137,0.6260357184416381,-0.37075184356421576,-0.33432692822320675,595,3.0,3.2162162162162162,2.8945945945945946,71.04226323163971,3996
V4_D1_Ensemble,2,TaxB,0.25,0.2918859454969427,-0.49419247595179827,0.7970696705389974,0.7842193014621957,0.5906321113747838,-0.3707518435642153,-0.3343640764633897,601,3.0,3.2162162162162162,2.8945945945945946,58.036018312135454,3996
V4_D1_Ensemble,5,Tax0,0.0,0.3757167971896036,-0.48823889061441683,0.9365848811966883,1.0105862350361003,0.7695347593404296,-0.37127037994760914,-0.3347158469147832,569,3.0,3.2162162162162162,2.8945945945945946,157.28046204624283,3996
V4_D1_Ensemble,5,Tax0,0.1,0.3757167971896036,-0.48823889061441683,0.9365848811966883,1.0105862350361003,0.7695347593404296,-0.37127037994760914,-0.3347158469147832,569,3.0,3.2162162162162162,2.8945945945945946,157.28046204624283,3996
V4_D1_Ensemble,5,Tax0,0.2,0.3757167971896036,-0.48823889061441683,0.9365848811966883,1.0105862350361003,0.7695347593404296,-0.37127037994760914,-0.3347158469147832,569,3.0,3.2162162162162162,2.8945945945945946,157.28046204624283,3996
V4_D1_Ensemble,5,Tax0,0.25,0.3757167971896036,-0.48823889061441683,0.9365848811966883,1.0105862350361003,0.7695347593404296,-0.37127037994760914,-0.3347158469147832,569,3.0,3.2162162162162162,2.8945945945945946,157.28046204624283,3996
V4_D1_Ensemble,5,TaxB,0.0,0.3757167971896036,-0.48823889061441683,0.9365848811966883,1.0105862350361003,0.7695347593404296,-0.37127037994760914,-0.3347158469147832,569,3.0,3.2162162162162162,2.8945945945945946,157.28046204624283,3996
V4_D1_Ensemble,5,TaxB,0.1,0.3411547305753013,-0.4911757065134743,0.880140637759488,0.9174559561109347,0.6945675978092017,-0.37127037994760814,-0.33478171380213095,594,3.0,3.2162162162162162,2.8945945945945946,105.06326750651895,3996
V4_D1_Ensemble,5,TaxB,0.2,0.30745029684314407,-0.4940958148982926,0.8236534398468756,0.8262959721204375,0.6222483323531719,-0.3712703799476085,-0.3348475744524815,600,3.0,3.2162162162162162,2.8945945945945946,70.17312840616873,3996
V4_D1_Ensemble,5,TaxB,0.25,0.290913104117545,-0.4955496332369599,0.795395184932294,0.7816374991340829,0.5870513962794871,-0.37127037994760825,-0.3348805024389597,601,3.0,3.2162162162162162,2.8945945945945946,57.3468701241233,3996
V4_D1_Ensemble,10,Tax0,0.0,0.3737272151962441,-0.4905786374126293,0.9333668635485017,1.0053781086738725,0.7618089877849682,-0.37213397412790195,-0.33561108968940434,569,3.0,3.2162162162162162,2.8945945945945946,153.71206745747824,3996
V4_D1_Ensemble,10,Tax0,0.1,0.3737272151962441,-0.4905786374126293,0.9333668635485017,1.0053781086738725,0.7618089877849682,-0.37213397412790195,-0.33561108968940434,569,3.0,3.2162162162162162,2.8945945945945946,153.71206745747824,3996
V4_D1_Ensemble,10,Tax0,0.2,0.3737272151962441,-0.4905786374126293,0.9333668635485017,1.0053781086738725,0.7618089877849682,-0.37213397412790195,-0.33561108968940434,569,3.0,3.2162162162162162,2.8945945945945946,153.71206745747824,3996
V4_D1_Ensemble,10,Tax0,0.25,0.3737272151962441,-0.4905786374126293,0.9333668635485017,1.0053781086738725,0.7618089877849682,-0.37213397412790195,-0.33561108968940434,569,3.0,3.2162162162162162,2.8945945945945946,153.71206745747824,3996
V4_D1_Ensemble,10,TaxB,0.0,0.3737272151962441,-0.4905786374126293,0.9333668635485017,1.0053781086738725,0.7618089877849682,-0.37213397412790195,-0.33561108968940434,569,3.0,3.2162162162162162,2.8945945945945946,153.71206745747824,3996
V4_D1_Ensemble,10,TaxB,0.1,0.3393175363756802,-0.49348119474339935,0.8770925798814326,0.9126477512770373,0.68759973022299,-0.3721339741279026,-0.335662912774662,594,3.0,3.2162162162162162,2.8945945945945946,102.80415383929983,3996
V4_D1_Ensemble,10,TaxB,0.2,0.30575914366205814,-0.49636735712863334,0.820775507698763,0.821872353478238,0.6159936572598202,-0.37213397412790217,-0.3357147319938272,601,3.0,3.2162162162162162,2.8945945945945946,68.74756861684428,3996
V4_D1_Ensemble,10,TaxB,0.25,0.28929266011683974,-0.497804318923353,0.7926023709414298,0.7773995330135471,0.5811373045989627,-0.3721339741279027,-0.3357406401537101,601,3.0,3.2162162162162162,2.8945945945945946,56.21596402159316,3996
V4_D1_Ensemble,15,Tax0,0.0,0.3717396158444617,-0.4929087540998237,0.9301459220802547,1.0000982008346624,0.7541753169374166,-0.37299677721564106,-0.3365055289915634,576,3.0,3.2162162162162162,2.8945945945945946,150.223079210758,3996
V4_D1_Ensemble,15,Tax0,0.1,0.3717396158444617,-0.4929087540998237,0.9301459220802547,1.0000982008346624,0.7541753169374166,-0.37299677721564106,-0.3365055289915634,576,3.0,3.2162162162162162,2.8945945945945946,150.223079210758,3996
V4_D1_Ensemble,15,Tax0,0.2,0.3717396158444617,-0.4929087540998237,0.9301459220802547,1.0000982008346624,0.7541753169374166,-0.37299677721564106,-0.3365055289915634,576,3.0,3.2162162162162162,2.8945945945945946,150.223079210758,3996
V4_D1_Ensemble,15,Tax0,0.25,0.3717396158444617,-0.4929087540998237,0.9301459220802547,1.0000982008346624,0.7541753169374166,-0.37299677721564106,-0.3365055289915634,576,3.0,3.2162162162162162,2.8945945945945946,150.223079210758,3996
V4_D1_Ensemble,15,TaxB,0.0,0.3717396158444617,-0.4929087540998237,0.9301459220802547,1.0000982008346624,0.7541753169374166,-0.37299677721564106,-0.3365055289915634,576,3.0,3.2162162162162162,2.8945945945945946,150.223079210758,3996
V4_D1_Ensemble,15,TaxB,0.1,0.337481988104277,-0.4957772975369704,0.8740417749090815,0.9077707034839412,0.6807128720514088,-0.3729967772156412,-0.3365433440530986,595,3.0,3.2162162162162162,2.8945945945945946,100.59257805949389,3996
V4_D1_Ensemble,15,TaxB,0.2,0.3040693303137958,-0.49862975445383717,0.8178950047752265,0.8173842893177868,0.6098098390595468,-0.3729967772156404,-0.33658115705333835,601,3.0,3.2162162162162162,2.8945945945945946,67.35027474603164,3996
V4_D1_Ensemble,15,TaxB,0.25,0.28767341385583145,-0.5000499784314818,0.7898070742073975,0.7730382368169487,0.5752893235955798,-0.37299677721564095,-0.3366000627805068,601,3.0,3.2162162162162162,2.8945945945945946,55.10679233010264,3996
V4_D1_Ensemble,20,Tax0,0.0,0.3697539980500524,-0.4952292759180744,0.9269220875612122,0.9948945586383263,0.746631946111402,-0.37385878957329954,-0.337399165181971,594,3.0,3.2162162162162162,2.8945945945945946,146.81176490655912,3996
V4_D1_Ensemble,20,Tax0,0.1,0.3697539980500524,-0.4952292759180744,0.9269220875612122,0.9948945586383263,0.746631946111402,-0.37385878957329954,-0.337399165181971,594,3.0,3.2162162162162162,2.8945945945945946,146.81176490655912,3996
V4_D1_Ensemble,20,Tax0,0.2,0.3697539980500524,-0.4952292759180744,0.9269220875612122,0.9948945586383263,0.746631946111402,-0.37385878957329954,-0.337399165181971,594,3.0,3.2162162162162162,2.8945945945945946,146.81176490655912,3996
V4_D1_Ensemble,20,Tax0,0.25,0.3697539980500524,-0.4952292759180744,0.9269220875612122,0.9948945586383263,0.746631946111402,-0.37385878957329954,-0.337399165181971,594,3.0,3.2162162162162162,2.8945945945945946,146.81176490655912,3996
V4_D1_Ensemble,20,TaxB,0.0,0.3697539980500524,-0.4952292759180744,0.9269220875612122,0.9948945586383263,0.746631946111402,-0.37385878957329954,-0.337399165181971,594,3.0,3.2162162162162162,2.8945945945945946,146.81176490655912,3996
V4_D1_Ensemble,20,TaxB,0.1,0.33564808510960153,-0.498064048772338,0.8709882519733539,0.9029633654162195,0.6739054664494047,-0.37385878957329943,-0.337423007952837,595,3.0,3.2162162162162162,2.8945945945945946,98.42756176373616,3996
V4_D1_Ensemble,20,TaxB,0.2,0.30238085649733293,-0.5008830394252635,0.815011958570288,0.8130235101103871,0.6036955390709552,-0.37385878957329977,-0.33744684990314655,601,3.0,3.2162162162162162,2.8945945945945946,65.98070018747853,3996
V4_D1_Ensemble,20,TaxB,0.25,0.28605536518059016,-0.5022866436630261,0.7870093214062955,0.7688597932660897,0.569506214806896,-0.37385878957329954,-0.3374587705705997,602,3.0,3.2162162162162162,2.8945945945945946,54.0189483390828,3996
V5_Combo_SGOV_MA200,0,Tax0,0.0,0.3606070006923445,-0.5111521571594528,0.914531620855755,0.9341102941263617,0.705478780909955,-0.3433867549177658,-0.3388847257600488,595,3.0,6.117117117117117,3.298198198198198,132.01356142607978,3996
V5_Combo_SGOV_MA200,0,Tax0,0.1,0.3606070006923445,-0.5111521571594528,0.914531620855755,0.9341102941263617,0.705478780909955,-0.3433867549177658,-0.3388847257600488,595,3.0,6.117117117117117,3.298198198198198,132.01356142607978,3996
V5_Combo_SGOV_MA200,0,Tax0,0.2,0.3606070006923445,-0.5111521571594528,0.914531620855755,0.9341102941263617,0.705478780909955,-0.3433867549177658,-0.3388847257600488,595,3.0,6.117117117117117,3.298198198198198,132.01356142607978,3996
V5_Combo_SGOV_MA200,0,Tax0,0.25,0.3606070006923445,-0.5111521571594528,0.914531620855755,0.9341102941263617,0.705478780909955,-0.3433867549177658,-0.3388847257600488,595,3.0,6.117117117117117,3.298198198198198,132.01356142607978,3996
V5_Combo_SGOV_MA200,0,TaxB,0.0,0.3606070006923445,-0.5111521571594528,0.914531620855755,0.9341102941263617,0.705478780909955,-0.3433867549177658,-0.3388847257600488,595,3.0,6.117117117117117,3.298198198198198,132.01356142607978,3996
V5_Combo_SGOV_MA200,0,TaxB,0.1,0.3227816384172135,-0.513506322164551,0.851633855790033,0.84784066619389,0.6285835723630671,-0.3433867549177658,-0.33889047623822954,601,3.0,6.117117117117117,3.298198198198198,84.42189065381262,3996
V5_Combo_SGOV_MA200,0,TaxB,0.2,0.2859972154532604,-0.515849248308289,0.7886945266099765,0.7518339417952266,0.554420145791002,-0.3433867549177658,-0.33889622666857144,610,3.0,6.117117117117117,3.298198198198198,53.980230312574015,3996
V5_Combo_SGOV_MA200,0,TaxB,0.25,0.26798646519787095,-0.5170165134375002,0.7572107684702405,0.7051852124347829,0.5183325062793505,-0.3433867549177658,-0.3388991018658024,621,4.0,6.117117117117117,3.298198198198198,43.162165451468844,3996
V5_Combo_SGOV_MA200,2,Tax0,0.0,0.3597084202566294,-0.5122015555489909,0.9130515914373424,0.9334189966358795,0.7022790469097357,-0.3447446462470871,-0.3392549409692379,600,3.0,6.117117117117117,3.298198198198198,130.6378151076724,3996
V5_Combo_SGOV_MA200,2,Tax0,0.1,0.3597084202566294,-0.5122015555489909,0.9130515914373424,0.9334189966358795,0.7022790469097357,-0.3447446462470871,-0.3392549409692379,600,3.0,6.117117117117117,3.298198198198198,130.6378151076724,3996
V5_Combo_SGOV_MA200,2,Tax0,0.2,0.3597084202566294,-0.5122015555489909,0.9130515914373424,0.9334189966358795,0.7022790469097357,-0.3447446462470871,-0.3392549409692379,600,3.0,6.117117117117117,3.298198198198198,130.6378151076724,3996
V5_Combo_SGOV_MA200,2,Tax0,0.25,0.3597084202566294,-0.5122015555489909,0.9130515914373424,0.9334189966358795,0.7022790469097357,-0.3447446462470871,-0.3392549409692379,600,3.0,6.117117117117117,3.298198198198198,130.6378151076724,3996
V5_Combo_SGOV_MA200,2,TaxB,0.0,0.3597084202566294,-0.5122015555489909,0.9130515914373424,0.9334189966358795,0.7022790469097357,-0.3447446462470871,-0.3392549409692379,600,3.0,6.117117117117117,3.298198198198198,130.6378151076724,3996
V5_Combo_SGOV_MA200,2,TaxB,0.1,0.3219537220356441,-0.5145400147812353,0.8502314901845246,0.8441751735483171,0.6257117285086714,-0.3447446462470871,-0.3392549409692379,601,3.0,6.117117117117117,3.298198198198198,83.58790182141065,3996
V5_Combo_SGOV_MA200,2,TaxB,0.2,0.2852367506748128,-0.5168673607571905,0.7873698859813202,0.748438627323792,0.5518567669990848,-0.3447446462470871,-0.3392549409692379,610,3.5,6.117117117117117,3.298198198198198,53.47627504668097,3996
V5_Combo_SGOV_MA200,2,TaxB,0.25,0.267258559948802,-0.5180268826439316,0.755925010408614,0.7019441446394643,0.515916391413423,-0.3447446462470871,-0.3392549409692379,621,4.0,6.117117117117117,3.298198198198198,42.77093079188118,3996
V5_Combo_SGOV_MA200,5,Tax0,0.0,0.3583613706656785,-0.5137717750587989,0.9108306362368491,0.9302179509316657,0.6975108171807719,-0.3467766547515462,-0.33981000492858227,601,3.0,6.117117117117117,3.298198198198198,128.60059309262124,3996
V5_Combo_SGOV_MA200,5,Tax0,0.1,0.3583613706656785,-0.5137717750587989,0.9108306362368491,0.9302179509316657,0.6975108171807719,-0.3467766547515462,-0.33981000492858227,601,3.0,6.117117117117117,3.298198198198198,128.60059309262124,3996
V5_Combo_SGOV_MA200,5,Tax0,0.2,0.3583613706656785,-0.5137717750587989,0.9108306362368491,0.9302179509316657,0.6975108171807719,-0.3467766547515462,-0.33981000492858227,601,3.0,6.117117117117117,3.298198198198198,128.60059309262124,3996
V5_Combo_SGOV_MA200,5,Tax0,0.25,0.3583613706656785,-0.5137717750587989,0.9108306362368491,0.9302179509316657,0.6975108171807719,-0.3467766547515462,-0.33981000492858227,601,3.0,6.117117117117117,3.298198198198198,128.60059309262124,3996
V5_Combo_SGOV_MA200,5,TaxB,0.0,0.3583613706656785,-0.5137717750587989,0.9108306362368491,0.9302179509316657,0.6975108171807719,-0.3467766547515462,-0.33981000492858227,601,3.0,6.117117117117117,3.298198198198198,128.60059309262124,3996
V5_Combo_SGOV_MA200,5,TaxB,0.1,0.3207008883892093,-0.5160867794351193,0.8481073677465075,0.8411267482922251,0.6214088427923521,-0.3467766547515462,-0.3398100049285825,601,3.5,6.117117117117117,3.298198198198198,82.34054518611119,3996
V5_Combo_SGOV_MA200,5,TaxB,0.2,0.2840739726313093,-0.5183908572005274,0.7853426982669063,0.7455960418403722,0.547991864990439,-0.3467766547515462,-0.3398100049285825,621,3.0,6.117117117117117,3.298198198198198,52.71422521265251,3996
V5_Combo_SGOV_MA200,5,TaxB,0.25,0.2661392985940507,-0.5195388145890353,0.7539463239108114,0.6991998474396599,0.5122606648832807,-0.3467766547515462,-0.3398100049285826,621,4.0,6.117117117117117,3.298198198198198,42.17582691574834,3996
V5_Combo_SGOV_MA200,10,Tax0,0.0,0.35611847633247806,-0.5163784970318644,0.9071266356425599,0.9246617454072765,0.6896462156721117,-0.3501504966912179,-0.34073442146329314,601,3.0,6.117117117117117,3.298198198198198,125.27443896252338,3996
V5_Combo_SGOV_MA200,10,Tax0,0.1,0.35611847633247806,-0.5163784970318644,0.9071266356425599,0.9246617454072765,0.6896462156721117,-0.3501504966912179,-0.34073442146329314,601,3.0,6.117117117117117,3.298198198198198,125.27443896252338,3996
V5_Combo_SGOV_MA200,10,Tax0,0.2,0.35611847633247806,-0.5163784970318644,0.9071266356425599,0.9246617454072765,0.6896462156721117,-0.3501504966912179,-0.34073442146329314,601,3.0,6.117117117117117,3.298198198198198,125.27443896252338,3996
V5_Combo_SGOV_MA200,10,Tax0,0.25,0.35611847633247806,-0.5163784970318644,0.9071266356425599,0.9246617454072765,0.6896462156721117,-0.3501504966912179,-0.34073442146329314,601,3.0,6.117117117117117,3.298198198198198,125.27443896252338,3996
V5_Combo_SGOV_MA200,10,TaxB,0.0,0.35611847633247806,-0.5163784970318644,0.9071266356425599,0.9246617454072765,0.6896462156721117,-0.3501504966912179,-0.34073442146329314,601,3.0,6.117117117117117,3.298198198198198,125.27443896252338,3996
V5_Combo_SGOV_MA200,10,TaxB,0.1,0.3186147163260409,-0.5186546855321716,0.844564923970306,0.8358039170044855,0.6143099160458226,-0.3501504966912179,-0.340734421463293,602,3.5,6.117117117117117,3.298198198198198,80.30211632211937,3996
V5_Combo_SGOV_MA200,10,TaxB,0.2,0.28213761444886654,-0.5209202538335497,0.781961980890361,0.7406423775866057,0.5416138312391637,-0.3501504966912179,-0.340734421463293,621,3.0,6.117117117117117,3.298198198198198,51.46773164801357,3996
V5_Combo_SGOV_MA200,10,TaxB,0.25,0.264275337942538,-0.5220490707679897,0.7506465260495236,0.6944206873314285,0.5062270057367613,-0.3501504966912179,-0.3407344214632929,622,4.0,6.117117117117117,3.298198198198198,41.2019576355415,3996
V5_Combo_SGOV_MA200,15,Tax0,0.0,0.3538783154772609,-0.5189723810286861,0.9034196583823314,0.919043627332704,0.6818827521723171,-0.3535083500683762,-0.3416579757660053,601,3.0,6.117117117117117,3.298198198198198,122.03292688309922,3996
V5_Combo_SGOV_MA200,15,Tax0,0.1,0.3538783154772609,-0.5189723810286861,0.9034196583823314,0.919043627332704,0.6818827521723171,-0.3535083500683762,-0.3416579757660053,601,3.0,6.117117117117117,3.298198198198198,122.03292688309922,3996
V5_Combo_SGOV_MA200,15,Tax0,0.2,0.3538783154772609,-0.5189723810286861,0.9034196583823314,0.919043627332704,0.6818827521723171,-0.3535083500683762,-0.3416579757660053,601,3.0,6.117117117117117,3.298198198198198,122.03292688309922,3996
V5_Combo_SGOV_MA200,15,Tax0,0.25,0.3538783154772609,-0.5189723810286861,0.9034196583823314,0.919043627332704,0.6818827521723171,-0.3535083500683762,-0.3416579757660053,601,3.0,6.117117117117117,3.298198198198198,122.03292688309922,3996
V5_Combo_SGOV_MA200,15,TaxB,0.0,0.3538783154772609,-0.5189723810286861,0.9034196583823314,0.919043627332704,0.6818827521723171,-0.3535083500683762,-0.3416579757660053,601,3.0,6.117117117117117,3.298198198198198,122.03292688309922,3996
V5_Combo_SGOV_MA200,15,TaxB,0.1,0.3165308978764003,-0.5212100960550212,0.8410197131261193,0.830478624055416,0.6073000125519171,-0.3535083500683762,-0.3416579757660052,610,3.0,6.117117117117117,3.298198198198198,78.31326269847428,3996
V5_Combo_SGOV_MA200,15,TaxB,0.2,0.2802032618272081,-0.5234374915222895,0.7785787056025139,0.7356202918002311,0.5353137029071144,-0.3535083500683762,-0.3416579757660052,622,3.5,6.117117117117117,3.298198198198198,50.25014381580213,3996
V5_Combo_SGOV_MA200,15,TaxB,0.25,0.2624132201875864,-0.5245473341716138,0.7473442747190192,0.6896392316414224,0.5002660448212931,-0.3535083500683762,-0.3416579757660052,622,4.0,6.117117117117117,3.298198198198198,40.25012006851623,3996
V5_Combo_SGOV_MA200,20,Tax0,0.0,0.3516408858855471,-0.521553484763277,0.8997097438530611,0.91342227864574,0.6742182655440411,-0.3568502839437977,-0.3425806682385425,601,3.0,6.117117117117117,3.298198198198198,118.8739381488299,3996
V5_Combo_SGOV_MA200,20,Tax0,0.1,0.3516408858855471,-0.521553484763277,0.8997097438530611,0.91342227864574,0.6742182655440411,-0.3568502839437977,-0.3425806682385425,601,3.0,6.117117117117117,3.298198198198198,118.8739381488299,3996
V5_Combo_SGOV_MA200,20,Tax0,0.2,0.3516408858855471,-0.521553484763277,0.8997097438530611,0.91342227864574,0.6742182655440411,-0.3568502839437977,-0.3425806682385425,601,3.0,6.117117117117117,3.298198198198198,118.8739381488299,3996
V5_Combo_SGOV_MA200,20,Tax0,0.25,0.3516408858855471,-0.521553484763277,0.8997097438530611,0.91342227864574,0.6742182655440411,-0.3568502839437977,-0.3425806682385425,601,3.0,6.117117117117117,3.298198198198198,118.8739381488299,3996
V5_Combo_SGOV_MA200,20,TaxB,0.0,0.3516408858855471,-0.521553484763277,0.8997097438530611,0.91342227864574,0.6742182655440411,-0.3568502839437977,-0.3425806682385425,601,3.0,6.117117117117117,3.298198198198198,118.8739381488299,3996
V5_Combo_SGOV_MA200,20,TaxB,0.1,0.3144494314204107,-0.5237530663803864,0.8374717728711483,0.825150990235543,0.6003772609744213,-0.3568502839437977,-0.3425806682385427,621,3.0,6.117117117117117,3.298198198198198,76.37280022594767,3996
V5_Combo_SGOV_MA200,20,TaxB,0.2,0.2782709136489434,-0.5259426233719882,0.7751929083217999,0.7307281186851504,0.5290898689002588,-0.3568502839437977,-0.34258066823854283,622,3.5,6.117117117117117,3.298198198198198,49.06080462083065,3996
V5_Combo_SGOV_MA200,20,TaxB,0.25,0.2605529444313055,-0.5270336567936853,0.7440396049687166,0.6849180992474281,0.4943762909117256,-0.3568502839437977,-0.34258066823854294,623,4.0,6.117117117117117,3.298198198198198,39.31982612726026,3996
